source,dest
4,84
4,59
3,32
20,46
13,72
13,31
56,26
20,21
20,82
26,50
75,4
75,76
75,9
15,22
15,72
15,17
58,31
58,11
52,27
76,6
76,91
16,79
71,2
1,31
41,33
53,27
37,76
19,51
19,50
26,13
26,2
26,56
44,96
44,53
32,55
46,88
46,39
37,4
67,11
64,33
8,19
76,50
75,88
6,17
7,17
7,3
44,52
72,56
72,95
56,11
13,52
13,90
37,17
37,53
0,32
0,62
0,43
93,0
42,35
42,85
86,9
86,96
98,26
76,34
88,32
88,34
19,30
20,41
70,1
70,1
41,55
41,30
97,88
89,72
11,80
11,25
93,33
93,71
36,4
36,4
37,4
37,19
80,55
34,53
44,20
44,96
72,56
72,41
72,86
72,66
80,11
76,56
76,50
32,52
32,90
75,55
75,35
97,31
96,86
59,39
21,76
86,60
88,64
88,42
63,76
63,39
94,31
94,60
98,85
98,26
90,7
35,39
35,12
16,58
16,49
66,20
98,90
32,74
30,70
13,39
13,20
54,76
54,88
26,66
26,1
71,36
57,47
96,7
26,54
26,58
26,50
89,57
70,99
25,33
25,70
37,53
62,33
62,74
86,57
86,39
86,60
26,45
26,89
26,89
26,80
26,30
4,37
4,81
4,45
26,21
38,91
38,51
6,72
6,0
8,26
43,17
53,62
17,46
57,64
26,42
26,43
82,39
82,39
6,19
85,15
85,5
2,90
53,54
53,65
80,11
80,76
17,97
35,69
35,44
42,3
19,50
8,53
31,21
31,63
76,46
76,97
61,20
38,87
13,6
13,18
97,88
97,38
99,20
99,39
8,31
98,20
76,75
76,81
76,86
50,71
50,88
50,96
50,74
24,26
24,53
15,11
41,35
41,38
76,81
76,89
52,86
33,42
15,71
15,52
98,55
98,52
62,4
62,26
62,76
72,32
72,61
64,53
64,72
2,55
26,27
26,67
88,46
88,41
88,61
31,43
49,52
72,56
72,21
72,37
21,53
21,52
55,67
59,74
59,79
67,38
67,96
11,66
42,71
42,88
38,1
38,21
78,11
71,54
71,21
71,13
71,51
72,98
50,88
75,79
75,3
75,72
75,39
96,64
96,41
8,74
26,78
12,31
25,72
25,11
37,52
37,76
13,55
26,7
89,37
24,3
57,67
57,94
57,44
43,9
98,90
98,52
98,20
12,75
12,56
69,4
69,71
69,39
23,31
8,90
26,69
26,82
6,0
6,71
53,62
53,64
57,46
61,39
85,48
78,39
74,58
74,14
74,99
7,52
7,70
43,53
7,71
7,17
32,60
55,36
49,76
97,10
66,90
65,31
41,79
41,53
15,11
0,75
93,33
21,19
56,33
78,11
89,71
89,85
89,26
53,27
53,62
53,81
53,94
53,97
54,39
98,3
98,31
98,53
16,53
82,57
80,55
33,7
59,20
26,75
72,16
90,32
90,63
90,8
82,53
54,61
54,80
54,78
54,21
54,89
54,59
54,42
54,32
98,4
82,39
72,56
72,54
66,71
26,42
93,35
57,54
57,62
57,58
74,63
74,32
74,86
90,81
3,69
39,94
39,62
98,84
13,89
51,72
75,33
72,48
55,43
55,15
55,12
0,65
0,15
17,43
17,75
8,76
37,96
2,88
7,19
67,53
67,70
58,4
58,52
70,13
93,4
93,52
93,4
71,43
71,89
42,74
42,35
2,72
2,0
2,72
2,52
3,67
53,42
53,25
58,39
58,31
58,19
26,81
74,25
86,52
69,88
82,11
12,96
97,70
36,60
25,17
12,88
12,57
72,50
34,55
69,84
69,79
69,72
56,70
56,20
56,35
41,19
15,55
13,55
87,70
61,33
97,38
30,76
67,17
21,4
21,38
42,0
42,71
44,39
44,0
58,9
56,3
56,33
62,76
54,52
54,4
54,53
54,52
54,39
54,20
81,79
61,90
0,16
0,99
7,31
7,31
51,26
76,15
76,43
76,84
54,76
54,90
2,31
71,9
49,85
24,33
24,4
24,79
57,27
57,1
49,90
49,0
49,79
49,17
16,79
16,70
16,0
24,26
24,19
16,72
75,17
75,85
50,3
12,76
75,4
54,90
20,36
37,4
13,55
36,0
82,60
82,79
6,74
6,74
76,62
76,24
76,1
76,43
76,12
32,60
72,82
72,98
72,66
72,21
26,5
88,43
8,96
31,65
99,4
15,20
0,2
12,71
67,60
82,79
99,70
91,33
20,87
55,66
55,80
54,38
3,30
15,26
15,70
15,88
46,39
13,20
53,46
75,20
75,55
44,43
44,6
36,60
58,79
58,90
39,41
15,60
15,90
15,60
15,88
19,65
98,20
34,79
57,54
66,19
66,52
66,88
67,85
67,88
16,52
12,57
2,38
39,87
39,7
39,63
39,99
69,3
19,63
3,86
3,37
36,88
36,31
36,39
36,48
38,2
43,17
74,75
20,21
44,33
44,26
44,52
4,16
3,50
3,8
61,57
61,72
71,99
15,58
55,95
43,92
4,91
4,12
2,26
21,0
54,31
54,88
54,79
42,72
42,19
75,52
75,31
97,26
97,4
75,79
66,26
66,90
49,4
49,79
4,34
4,32
88,81
90,98
90,49
76,59
82,85
6,26
97,19
37,57
89,38
89,55
89,4
86,71
81,79
54,60
54,83
54,31
12,76
12,38
62,4
33,62
33,16
33,78
33,27
33,62
13,0
62,31
85,23
42,38
49,74
3,15
3,42
58,52
58,90
35,2
26,93
26,34
86,20
86,76
38,59
88,44
53,21
53,46
53,32
36,17
36,4
53,6
53,37
11,48
8,71
8,74
41,20
15,74
51,4
6,72
6,4
44,85
44,20
87,71
66,39
66,55
54,35
89,13
2,31
2,26
58,35
80,83
89,85
75,4
33,43
33,66
20,32
31,43
60,75
80,52
21,96
90,24
90,64
90,32
30,26
69,0
69,19
76,41
76,27
53,87
65,39
26,13
26,75
55,78
55,94
80,52
49,35
49,71
67,52
90,24
13,53
26,30
80,39
85,78
75,31
64,31
64,33
75,88
75,9
43,57
43,55
88,45
88,62
17,29
71,89
71,43
71,54
69,0
60,54
50,31
50,55
50,55
34,76
54,4
54,79
6,3
6,88
6,33
34,72
30,85
30,90
97,72
97,76
97,11
57,43
57,12
13,88
19,5
88,67
88,54
88,50
88,36
38,36
42,4
26,59
56,76
56,79
42,3
60,67
26,87
26,2
80,31
80,3
70,65
70,1
50,20
2,11
2,17
52,80
86,96
99,57
19,24
19,66
53,8
19,98
19,51
43,57
57,43
57,30
52,32
69,73
69,3
15,79
1,39
72,56
67,88
67,38
42,72
42,31
43,31
51,11
66,32
90,36
90,61
90,8
90,86
90,34
90,30
3,49
11,21
11,61
11,37
15,71
15,74
12,79
17,59
17,97
17,27
63,26
50,60
34,5
46,88
20,43
20,32
39,75
0,24
72,59
72,97
13,33
13,33
16,91
16,79
55,1
86,39
37,76
37,17
7,4
7,33
63,71
89,52
89,38
89,3
89,72
89,38
15,57
52,58
58,53
35,63
35,43
35,24
43,17
88,25
56,0
56,33
21,53
72,61
72,15
72,32
72,16
52,49
7,96
71,59
71,82
6,52
76,34
76,14
62,20
62,72
30,71
23,85
26,75
57,36
16,19
19,99
58,55
17,94
69,11
58,17
58,57
44,57
32,38
32,55
39,92
21,39
21,52
70,6
16,90
76,80
98,52
98,20
30,4
30,38
19,56
17,99
54,71
54,26
54,70
0,82
0,6
0,49
0,89
52,6
52,89
52,69
85,41
15,26
4,42
4,44
4,86
4,23
75,96
75,96
69,10
35,32
35,61
56,60
66,55
66,4
25,0
25,90
80,17
75,85
31,98
8,4
66,31
66,4
70,66
56,3
56,17
53,32
88,58
88,80
88,42
33,69
94,84
11,82
11,8
59,39
17,86
21,57
21,39
57,81
13,79
13,35
13,19
25,40
71,30
71,97
71,50
11,67
11,78
61,39
61,76
24,35
24,26
24,39
6,38
6,20
6,19
15,74
43,33
43,0
13,23
26,87
26,50
26,93
93,0
33,94
78,88
78,83
78,3
71,62
52,62
52,97
52,44
52,12
52,15
52,24
97,53
97,79
67,60
11,65
11,10
11,33
4,69
4,82
4,91
31,61
24,85
24,20
88,62
88,36
87,96
82,55
65,28
52,46
52,62
26,1
97,71
2,72
2,52
77,68
34,11
39,64
39,98
39,99
62,33
66,38
54,60
90,89
21,70
21,11
57,21
57,2
12,38
76,7
58,76
58,79
41,38
90,63
43,53
43,53
85,91
85,56
85,81
15,52
62,70
8,53
65,79
65,38
65,4
65,74
8,39
13,52
2,96
55,66
72,81
72,84
70,62
70,42
71,49
71,87
88,98
41,3
59,0
79,41
88,27
88,21
88,98
54,26
13,88
13,19
31,86
31,65
86,57
79,64
79,1
8,52
20,29
20,54
20,64
32,90
49,71
37,55
61,52
44,67
87,96
87,79
72,86
52,2
23,39
56,19
75,96
52,78
52,58
52,64
52,91
52,78
52,63
36,60
71,80
50,96
50,35
86,39
86,79
70,1
55,97
13,55
49,52
53,30
67,17
13,39
15,40
90,6
64,88
21,4
88,62
88,56
88,23
75,71
75,26
75,70
75,11
6,88
61,4
39,93
93,17
93,31
76,32
7,39
55,61
52,12
17,22
17,86
64,60
97,74
97,38
21,35
21,92
50,90
50,96
50,96
93,52
93,72
79,30
71,30
71,97
38,98
82,53
82,19
82,11
23,4
23,39
23,90
23,76
64,90
13,76
81,85
81,90
32,0
32,4
32,20
80,19
6,11
16,9
16,72
16,33
91,55
91,52
91,53
91,55
41,79
43,79
88,82
88,62
25,57
66,17
66,70
2,33
2,4
12,96
12,72
20,16
99,19
96,34
50,4
50,53
99,20
99,55
58,33
8,60
70,34
70,66
70,6
41,76
60,3
81,70
82,88
82,19
60,61
60,37
41,79
41,72
87,76
41,53
8,70
26,46
26,94
13,17
63,39
21,52
21,4
21,79
60,66
60,94
90,81
90,30
24,0
17,94
17,61
65,19
65,3
65,17
51,20
51,76
51,26
86,38
86,11
57,1
35,58
33,91
82,70
90,1
90,75
88,2
88,30
88,43
88,6
13,20
13,79
13,55
13,31
6,88
6,57
2,52
2,19
96,36
96,94
65,96
99,70
99,90
76,56
76,41
76,81
99,39
34,52
67,79
67,17
71,97
71,98
71,64
82,72
8,38
8,55
8,38
34,71
34,70
59,53
57,56
57,1
57,32
15,39
15,26
15,85
15,19
8,96
8,17
8,76
46,90
50,57
26,91
2,53
59,79
2,92
16,19
20,94
46,84
33,94
33,89
59,72
59,33
20,16
38,41
55,43
55,69
55,82
52,64
16,74
16,88
19,36
21,60
21,72
76,91
52,27
54,79
11,82
2,39
2,33
21,26
27,39
3,78
70,45
70,44
70,64
70,15
98,20
98,38
12,74
21,35
91,85
91,35
2,52
2,20
85,82
85,12
99,90
11,6
79,36
56,88
56,76
91,90
91,19
91,33
7,74
91,31
91,88
72,49
72,24
39,80
38,69
27,55
27,0
20,95
49,55
4,87
50,9
50,79
50,79
88,78
91,57
91,26
91,79
54,20
13,35
13,33
13,11
58,90
58,33
58,70
23,26
82,85
38,6
8,17
8,39
93,38
17,30
17,56
17,51
42,38
44,90
1,79
59,3
24,20
65,20
65,10
41,0
41,96
20,96
57,24
38,1
75,31
75,70
60,14
60,56
43,79
43,52
67,71
67,0
19,45
19,23
86,0
86,85
34,39
34,70
52,69
69,4
69,31
64,0
54,3
39,2
87,31
-99,-99
89,27
16,18
16,70
16,59
16,4
16,72
94,31
94,24
54,4
1,68
4,42
16,84
18,8
14,96
74,11
30,27
27,57
27,81
14,93
13,38
4,28
4,90
35,70
52,45
18,75
94,75
4,37
41,84
41,71
97,74
97,21
97,14
97,37
93,70
86,48
68,81
3,64
3,64
3,71
18,13
18,24
67,56
41,64
57,84
57,72
57,66
57,40
3,96
72,16
56,9
56,80
4,15
96,55
96,24
22,25
22,75
85,18
63,72
2,81
35,65
35,12
86,75
90,64
76,27
19,70
19,80
19,32
96,48
96,29
57,71
15,49
15,36
15,72
15,9
96,15
96,95
87,43
21,12
82,38
82,84
82,65
82,20
8,70
87,22
87,4
87,96
30,65
30,18
1,80
52,27
52,38
82,96
82,43
52,66
52,86
54,91
54,64
54,32
54,38
42,4
55,94
55,72
45,29
35,64
77,97
77,66
77,18
38,90
38,29
80,31
80,76
75,84
27,85
66,63
35,32
47,12
44,12
57,45
82,38
97,41
97,24
82,84
59,54
57,11
57,38
14,86
14,59
77,11
77,68
56,96
56,18
56,18
63,11
68,90
68,36
68,52
68,74
44,71
44,71
44,18
44,71
44,67
70,41
70,89
70,52
37,49
37,12
37,65
54,6
54,91
54,12
54,11
15,11
15,80
37,59
37,11
0,97
52,43
68,8
2,13
2,56
45,0
45,29
86,48
3,65
8,59
8,65
1,64
35,11
35,45
29,4
71,81
71,8
71,76
71,3
71,99
71,95
57,4
71,52
85,72
85,4
52,80
44,32
44,38
84,82
84,93
99,11
99,45
85,2
98,45
98,45
1,64
19,86
19,86
19,2
19,18
43,3
18,90
63,84
63,45
85,70
12,87
35,67
35,27
29,91
63,12
96,31
68,93
68,48
68,44
68,88
70,1
1,12
1,70
1,91
54,71
48,64
48,96
88,66
48,84
48,86
56,67
57,97
57,84
80,36
90,43
98,94
47,9
47,68
35,94
30,33
30,4
37,86
4,47
57,59
57,40
75,11
42,86
42,86
42,18
42,22
14,4
14,97
14,38
72,1
65,56
65,69
65,54
3,86
3,4
3,94
3,12
92,71
94,60
94,0
94,21
50,2
50,12
32,29
32,34
12,90
37,91
37,59
37,12
37,9
72,14
97,50
19,71
85,9
85,9
91,34
59,99
44,2
44,70
44,18
42,66
59,76
4,63
28,86
93,32
48,72
48,18
48,71
12,99
16,66
16,11
55,80
10,27
69,96
69,72
69,65
42,84
92,11
92,39
32,74
32,98
97,69
97,54
97,30
88,12
88,86
56,27
56,4
56,72
37,94
65,88
56,2
56,18
56,18
56,45
11,93
27,10
22,28
19,43
22,95
22,3
22,8
69,67
43,81
43,1
43,52
55,9
89,4
90,86
90,94
34,12
34,49
24,26
24,25
8,11
2,29
72,75
18,56
87,84
87,72
86,37
86,44
86,10
86,13
75,66
69,59
69,25
42,58
42,68
8,65
8,80
86,75
1,38
36,2
36,11
11,57
38,92
27,21
13,97
13,49
68,36
21,91
21,66
52,40
37,43
37,67
35,11
63,4
22,63
41,32
47,45
47,68
89,97
89,40
96,74
9,98
9,88
75,67
96,57
44,84
44,12
30,97
30,71
74,59
44,72
68,92
43,95
96,16
96,35
50,38
50,27
9,87
98,59
92,26
80,85
43,86
43,57
43,90
14,22
14,22
14,12
91,60
81,67
38,19
38,48
72,76
76,64
76,32
52,72
52,59
85,71
1,65
1,2
30,96
69,7
52,18
52,67
90,96
90,27
89,27
89,94
89,45
93,38
93,65
94,81
10,66
52,66
99,65
99,43
66,8
66,77
50,64
50,2
34,39
34,4
27,28
27,8
24,18
37,65
84,54
84,89
12,60
95,18
37,67
9,54
71,28
19,32
19,43
87,26
87,2
76,72
76,18
82,64
49,34
90,72
48,72
48,4
42,49
42,38
42,4
52,43
89,72
89,91
40,15
40,95
40,36
48,94
59,83
3,22
70,35
70,37
70,77
84,98
29,43
29,11
87,65
87,96
67,48
80,31
71,63
71,36
72,75
72,75
74,64
71,8
18,24
93,43
86,90
86,34
86,8
86,24
86,14
10,71
10,80
60,40
49,90
35,20
35,11
21,51
16,12
16,80
86,34
44,4
44,32
76,45
76,11
76,2
80,52
49,82
75,18
91,24
91,3
37,65
37,84
96,63
96,82
96,77
80,47
69,66
56,96
56,4
52,59
4,24
4,82
56,97
56,26
86,75
86,82
42,70
22,50
54,2
82,97
93,45
26,95
97,21
97,16
74,12
74,9
97,74
56,49
99,94
99,91
54,27
16,38
5,53
10,67
4,63
66,21
66,13
66,41
47,49
36,91
36,67
88,43
88,72
13,67
70,87
70,30
70,76
18,41
36,72
29,65
29,40
29,70
29,22
74,9
95,32
95,12
31,9
22,0
47,40
47,97
15,72
15,72
15,71
10,26
49,50
69,70
69,11
69,27
10,43
1,86
67,87
67,29
36,2
28,96
28,18
28,80
31,22
31,26
45,88
94,35
46,23
45,75
45,69
28,84
41,27
99,64
37,59
8,65
8,26
48,32
96,89
69,12
66,48
44,49
44,2
13,12
96,21
96,13
31,64
42,11
1,27
19,18
91,58
91,44
86,42
93,49
22,87
86,98
71,57
45,50
45,92
10,68
10,65
16,49
16,91
91,93
91,56
65,24
12,75
12,77
9,48
26,17
82,59
59,89
31,18
31,9
19,12
66,56
94,69
94,81
76,94
74,97
19,12
89,11
89,67
71,90
15,97
15,94
55,73
13,64
13,32
81,97
81,11
81,94
98,94
47,18
48,66
48,59
52,18
52,64
35,72
2,41
2,92
69,97
69,4
9,63
9,34
37,80
37,67
37,49
37,43
15,2
15,45
88,68
56,38
56,65
91,25
27,47
98,22
98,94
3,84
2,82
2,37
2,74
63,97
4,19
99,80
99,27
55,91
64,41
60,71
22,88
22,41
2,57
54,45
54,12
54,4
54,66
26,8
9,0
9,16
54,71
41,22
56,18
12,31
12,21
74,59
16,9
16,94
16,96
90,86
90,38
8,40
8,43
44,22
74,86
74,32
98,45
44,29
44,92
44,37
59,75
91,95
86,0
86,77
38,63
29,91
29,32
42,76
42,85
42,0
42,76
65,88
65,21
65,36
89,11
11,3
63,58
63,43
63,32
93,64
74,86
65,0
72,98
63,40
43,82
43,8
29,38
29,70
38,82
92,4
92,71
11,36
11,35
92,68
92,43
14,96
86,55
86,28
18,63
88,18
88,45
11,95
97,42
86,75
86,48
86,44
40,50
45,90
76,86
65,48
65,74
65,93
30,4
30,67
66,16
66,16
14,59
98,2
98,11
91,69
48,72
28,84
28,96
96,34
98,86
98,86
96,0
89,11
89,84
37,80
45,81
45,0
70,14
69,12
72,34
72,95
50,4
91,31
15,38
15,26
15,18
15,2
15,94
76,6
38,76
70,0
66,24
44,14
86,56
86,74
11,30
74,97
96,28
86,63
86,10
0,96
0,66
38,35
19,26
19,40
87,43
30,94
30,32
43,82
60,27
35,12
35,80
10,12
10,12
96,31
11,44
11,35
0,38
45,90
28,84
98,45
98,67
88,11
59,28
93,72
93,38
93,80
10,96
10,22
52,91
72,42
72,28
72,44
45,75
45,98
60,49
60,94
75,80
93,18
97,48
40,60
85,32
85,38
96,54
96,1
54,66
54,32
54,9
70,35
70,24
32,37
56,12
28,4
0,9
66,90
13,22
30,97
30,4
30,72
32,21
32,0
29,43
29,80
29,97
93,94
93,9
93,4
93,22
31,40
65,31
65,63
65,13
65,47
44,49
77,32
77,64
91,74
31,72
31,72
35,12
35,43
35,67
64,60
64,29
10,11
10,40
10,80
22,47
90,72
64,54
64,54
74,99
74,86
74,49
74,66
74,84
74,97
96,77
72,21
27,42
12,37
12,92
12,42
90,40
90,70
55,45
55,27
55,68
55,9
36,43
36,41
36,38
4,89
4,14
0,97
0,25
0,84
0,40
31,32
2,88
99,18
59,57
59,74
10,26
10,80
97,17
70,88
4,54
13,27
68,48
5,63
27,92
27,16
28,67
84,14
49,54
49,52
70,88
70,24
70,50
56,97
81,43
3,68
31,97
31,45
70,85
22,89
34,18
59,8
59,28
59,3
80,77
80,37
99,65
99,61
16,22
16,2
68,95
36,27
80,16
80,1
34,71
99,71
31,32
42,43
42,59
24,65
24,45
24,95
24,91
24,86
4,95
76,27
93,2
93,66
92,86
14,66
40,29
40,90
40,69
87,18
2,3
84,95
1,70
27,99
65,50
65,35
65,21
94,31
94,19
27,47
21,4
41,4
67,60
60,45
60,26
60,4
29,68
60,86
60,86
49,37
48,72
94,54
11,96
63,2
63,4
55,11
29,65
24,43
24,45
41,11
72,93
72,34
56,65
40,14
34,49
34,80
62,78
60,96
60,2
60,71
21,43
21,18
21,67
10,97
11,81
13,40
14,65
11,10
11,30
76,70
75,18
85,68
52,18
24,86
95,71
95,65
26,48
12,55
69,43
69,66
18,57
18,93
26,88
52,96
52,45
66,77
3,80
3,6
16,4
34,59
31,70
59,21
59,93
59,10
50,26
86,50
86,47
49,21
49,1
49,95
35,26
4,24
4,48
4,56
55,43
26,42
57,43
80,15
80,37
50,97
50,70
40,10
21,22
22,87
69,67
69,59
77,40
77,40
81,4
81,70
40,63
40,85
63,96
87,45
77,45
22,7
22,7
45,19
70,41
70,77
70,31
70,28
70,44
70,57
89,49
74,59
99,27
76,67
41,40
13,32
13,11
4,1
4,1
64,87
76,96
59,81
59,48
90,80
52,4
52,11
89,18
89,59
89,94
54,71
54,11
54,91
93,59
34,49
32,8
32,44
80,14
64,56
64,15
1,80
1,86
21,80
32,98
32,36
32,98
32,0
72,95
35,18
18,63
70,15
70,30
37,38
11,17
40,44
64,35
64,81
40,14
11,47
89,9
74,30
74,37
74,50
12,1
12,50
43,35
81,71
47,71
4,92
32,35
22,56
3,94
72,69
14,34
88,9
63,2
63,86
26,19
82,27
77,26
77,4
80,0
87,12
18,37
8,26
21,4
63,40
12,90
12,52
36,86
43,54
14,66
14,64
22,76
90,67
14,41
14,85
48,67
48,68
48,38
54,84
98,72
27,76
13,80
3,43
3,45
65,58
80,54
70,36
70,88
15,72
67,42
67,54
18,63
47,2
47,18
27,57
27,95
27,99
87,71
90,22
85,86
49,87
49,31
27,41
26,99
1,43
66,95
66,79
10,18
24,38
76,97
76,22
0,2
57,59
64,69
66,69
66,35
66,29
80,82
80,21
80,17
60,2
2,74
2,3
4,54
40,44
24,45
59,36
71,28
71,99
71,60
71,69
71,41
71,37
87,49
64,8
90,70
24,38
45,95
72,24
72,54
72,87
65,44
21,65
63,4
8,71
69,77
65,60
92,43
72,34
72,87
72,29
57,70
12,29
28,4
28,38
66,93
59,89
59,87
26,92
26,16
85,94
85,43
82,9
82,18
82,65
42,80
8,96
8,2
96,13
96,16
35,70
35,68
35,71
35,64
56,4
9,42
38,14
37,59
88,49
88,65
88,45
40,88
40,69
3,11
3,49
0,45
56,40
71,88
9,87
60,6
60,64
80,14
-99,-99
25,76
17,13
17,51
17,76
42,33
82,64
82,59
34,92
4,3
4,10
50,9
50,72
44,82
31,51
23,72
1,36
33,74
50,78
50,72
27,64
60,4
60,97
60,86
52,65
14,7
14,48
37,47
27,89
86,21
78,6
55,35
94,36
94,96
94,46
5,31
5,91
5,90
83,20
50,86
29,15
29,4
22,52
22,73
22,96
55,30
55,83
21,48
21,32
93,47
93,76
2,32
40,72
40,55
91,72
91,82
9,71
64,57
64,55
83,34
5,1
5,35
5,67
31,13
82,45
31,20
14,82
97,17
42,20
42,47
42,78
40,76
81,20
81,9
81,70
65,48
65,5
65,69
76,65
31,97
31,72
31,20
14,97
14,15
40,20
40,48
97,89
97,71
97,10
97,50
97,24
23,48
61,70
31,32
31,97
10,67
10,6
6,97
6,57
86,61
86,44
86,45
86,21
86,16
86,61
61,27
61,9
14,86
90,51
90,20
1,73
33,64
97,38
76,11
76,74
76,40
76,91
23,68
40,20
40,70
98,22
98,2
98,35
98,11
30,52
47,1
45,70
45,72
45,86
45,76
70,90
5,21
91,5
83,57
3,9
3,73
4,8
4,62
91,34
27,31
62,54
62,20
62,86
62,5
23,48
23,97
10,68
10,97
3,2
3,12
3,83
3,85
3,83
3,62
78,79
78,21
78,23
78,45
96,38
42,34
31,69
65,70
62,15
48,2
78,79
64,48
64,54
69,71
69,60
61,47
81,13
81,47
81,52
20,67
20,16
20,58
13,23
22,72
22,69
29,86
89,9
86,14
89,20
89,33
70,91
76,85
34,67
3,72
60,9
11,15
11,46
2,5
16,78
17,5
17,27
66,56
42,78
38,27
38,69
65,82
65,47
24,34
24,20
61,15
61,5
73,29
18,97
73,62
44,70
44,69
10,51
63,32
78,49
78,45
78,16
52,25
8,72
40,13
64,5
42,15
63,20
47,16
47,60
47,85
38,51
51,89
51,0
64,48
62,13
62,76
15,64
49,36
49,72
67,70
29,97
89,72
89,70
89,97
89,57
12,15
79,38
79,41
79,18
79,18
64,5
69,81
69,79
69,6
41,51
41,51
22,76
58,70
58,36
4,6
78,74
78,79
40,4
40,5
40,86
40,61
6,4
6,78
37,36
20,71
45,57
45,70
45,73
45,34
49,97
39,55
13,44
13,49
13,22
64,47
16,48
60,20
60,15
60,70
51,42
51,40
51,63
76,2
3,9
3,96
36,16
37,9
37,51
74,47
0,3
0,93
34,60
34,18
34,50
34,2
85,47
85,86
71,15
15,84
48,71
98,25
43,98
39,73
43,48
43,13
43,82
24,33
43,73
43,98
43,55
3,70
3,46
93,73
16,78
16,73
4,89
20,39
57,58
57,24
33,50
33,19
69,10
69,39
69,65
69,9
69,2
69,2
69,81
71,34
71,20
97,63
69,39
72,79
72,38
72,49
58,97
58,5
5,23
5,22
14,34
14,51
14,76
31,4
47,14
47,89
47,81
94,69
94,20
94,27
16,69
16,33
10,96
97,35
37,76
37,69
51,0
52,0
82,65
82,19
82,10
57,29
57,50
57,93
57,29
57,49
60,48
6,57
6,57
6,86
30,86
30,97
30,33
20,0
41,72
4,17
9,58
93,69
23,51
1,27
1,47
1,4
82,91
36,45
55,50
82,16
8,34
89,68
9,1
44,36
44,70
44,72
78,93
78,85
94,47
98,65
98,63
98,49
98,29
98,23
98,40
39,70
39,86
16,34
16,33
57,37
57,8
43,78
43,48
69,35
24,69
98,79
98,65
72,22
72,29
72,94
70,37
64,55
9,3
15,85
15,94
15,64
15,83
5,30
86,21
11,73
11,5
4,25
38,69
38,76
9,42
0,20
82,74
82,2
82,89
35,20
69,50
69,85
93,78
93,32
93,72
5,90
5,23
5,94
89,82
89,57
34,25
8,70
8,20
89,98
35,20
19,34
40,36
40,51
40,70
40,47
40,92
36,14
1,69
33,59
13,44
79,57
79,72
37,9
90,78
90,86
1,52
1,13
55,93
97,22
97,14
97,1
82,71
43,76
74,47
51,21
51,49
47,30
47,50
36,29
15,67
15,64
42,96
42,78
4,65
4,94
69,49
97,3
97,45
39,70
30,34
50,73
78,21
44,86
33,1
33,14
60,52
47,45
31,57
31,52
11,9
11,34
11,47
11,78
55,38
2,98
2,36
97,35
47,44
36,61
36,44
78,12
71,72
82,17
32,45
32,42
29,15
34,24
34,43
4,12
4,17
4,74
64,57
20,17
57,30
55,2
55,10
55,58
60,36
60,73
60,72
52,1
52,94
52,17
69,22
1,52
1,51
70,61
18,34
18,15
47,60
47,6
47,29
74,34
69,40
69,62
13,31
76,1
76,71
0,82
4,37
11,27
14,15
14,70
60,20
29,76
17,20
17,13
17,48
17,47
17,78
10,20
10,9
49,13
49,36
97,11
42,98
42,48
42,32
2,5
4,8
48,22
48,43
48,6
14,70
14,46
6,86
36,11
36,50
36,85
20,2
20,14
20,2
8,73
8,36
72,0
72,23
97,79
3,20
35,34
36,22
36,38
41,69
41,70
41,82
70,10
70,2
70,67
91,32
91,32
69,6
97,1
97,71
52,88
52,33
45,98
78,14
34,11
81,73
81,13
81,20
31,72
31,5
45,70
8,78
8,5
8,5
21,55
79,76
21,70
51,25
51,40
51,58
52,79
39,20
74,70
47,11
93,82
58,96
58,69
58,20
58,33
0,27
9,45
9,84
9,19
13,23
91,98
44,69
55,59
55,1
55,71
55,10
13,65
13,12
50,34
50,86
50,4
14,86
8,9
8,48
8,73
63,15
52,58
3,14
3,12
97,22
97,58
97,93
82,64
82,22
82,62
82,10
82,19
98,38
33,64
19,4
6,72
78,25
64,97
64,70
15,90
15,30
17,4
67,36
67,72
67,52
87,28
91,15
91,0
24,33
65,78
65,70
3,78
3,51
16,15
3,20
97,24
62,47
62,13
13,30
13,90
48,85
48,91
48,90
4,91
78,49
52,6
52,3
52,8
90,69
90,55
67,32
67,86
72,42
72,21
40,51
18,48
55,1
55,17
55,12
55,40
55,16
90,15
4,84
48,90
11,13
20,90
20,92
20,6
64,32
64,69
30,48
30,76
3,33
0,55
94,57
94,4
94,5
62,86
62,52
62,27
70,8
70,17
61,51
19,82
19,13
94,55
85,55
45,27
45,9
18,70
18,76
0,20
30,97
30,51
37,57
48,94
48,71
48,17
85,15
82,14
82,21
82,44
82,2
82,37
69,60
69,6
69,25
81,97
91,96
91,75
60,98
57,91
57,64
38,33
97,0
43,20
43,5
73,37
82,38
76,10
76,79
85,55
60,73
17,97
97,18
97,39
98,21
98,25
41,76
44,36
78,1
94,52
50,55
50,55
50,36
50,98
89,52
89,72
89,34
89,48
13,64
13,94
47,65
47,21
47,81
3,96
49,69
82,63
73,31
73,71
72,25
83,36
2,86
76,59
76,8
76,81
76,58
76,24
76,23
11,69
98,19
44,52
63,51
63,9
63,5
70,61
6,55
86,29
81,9
32,62
91,47
13,50
40,4
40,13
40,52
40,55
58,73
12,33
78,62
64,34
45,20
13,84
13,85
13,21
13,16
13,50
13,31
9,17
9,58
9,58
9,17
9,46
86,6
14,55
96,24
96,6
14,4
14,69
60,20
85,47
9,37
9,89
9,29
94,73
94,51
94,5
94,69
94,55
35,51
60,33
60,97
60,51
94,33
33,64
33,44
52,18
71,32
71,34
2,47
2,9
43,72
43,86
43,20
43,82
97,64
40,20
60,98
25,47
25,33
25,5
30,33
45,27
45,48
65,20
27,81
41,52
21,70
22,85
22,31
39,36
43,47
2,15
2,36
52,30
9,19
15,79
15,10
13,62
13,62
96,44
96,30
96,93
39,4
39,51
17,48
43,86
0,69
51,65
51,61
51,30
51,16
51,81
70,25
63,97
98,23
51,60
82,85
60,98
42,96
60,48
35,13
60,51
60,72
60,4
35,13
40,9
79,86
79,51
79,55
11,33
11,69
89,82
98,91
98,30
98,1
9,16
9,93
5,93
21,72
73,18
5,85
5,49
18,20
18,13
6,98
6,76
6,69
6,9
41,55
41,96
41,52
41,69
65,48
29,51
29,5
33,63
89,5
65,48
65,9
65,97
64,34
64,20
12,98
12,15
83,55
0,15
43,73
83,20
38,4
38,15
13,17
13,16
25,57
25,55
3,48
3,68
3,82
70,16
20,6
20,24
20,71
52,35
17,47
52,19
52,63
52,60
52,74
79,48
79,98
79,52
40,82
40,51
40,32
40,78
50,32
6,20
6,76
52,90
52,50
39,20
55,21
55,92
55,29
55,24
82,35
85,73
85,27
85,36
82,61
82,49
82,10
55,39
48,60
48,65
8,47
48,29
48,50
90,78
0,5
0,73
31,96
31,48
21,13
21,78
21,78
21,82
21,86
13,39
89,27
32,93
32,22
51,37
27,18
62,13
73,50
23,78
23,5
27,23
6,72
6,52
4,2
11,34
71,72
47,35
47,19
47,10
45,4
45,48
94,13
94,82
85,97
85,13
85,33
85,69
85,33
65,36
65,5
4,19
78,42
22,55
39,80
74,55
67,47
42,86
5,23
55,42
30,5
5,8
5,58
69,14
4,84
67,34
67,57
4,14
89,48
65,70
73,58
12,86
41,32
17,97
17,52
13,37
13,65
13,45
85,52
85,34
8,78
8,95
71,5
45,78
45,20
45,20
89,47
89,37
89,20
89,9
89,33
89,97
63,69
52,91
52,44
8,5
17,34
17,70
17,78
72,67
27,24
27,81
27,2
76,12
27,71
63,86
24,9
24,13
8,51
29,69
43,57
72,79
65,33
15,1
90,51
90,33
90,70
2,68
62,13
62,20
22,78
22,9
22,36
22,96
48,91
76,67
76,38
76,40
89,34
89,72
89,73
18,20
24,55
24,78
57,21
5,24
5,50
91,72
91,33
51,92
64,15
64,51
83,32
83,47
27,83
27,59
27,23
27,90
10,78
71,55
2,78
3,13
39,76
39,33
34,79
6,96
6,51
6,68
74,70
20,17
20,38
20,63
20,3
20,12
60,47
72,1
2,72
2,7
2,73
30,70
65,96
65,69
65,97
51,11
51,16
24,86
72,91
99,53
71,47
72,2
72,10
72,89
72,22
88,26
10,55
10,55
10,95
63,78
93,97
15,62
63,51
62,33
62,37
27,6
18,97
20,74
62,96
62,73
62,32
34,25
41,27
6,78
6,47
6,86
14,5
57,11
47,38
97,84
97,79
74,72
97,14
82,62
8,51
73,1
33,17
33,24
94,70
4,10
4,81
36,16
36,12
36,17
36,64
45,5
85,55
85,9
85,73
40,97
8,78
62,52
62,70
71,20
23,52
93,69
12,36
96,0
96,1
96,17
73,89
41,77
41,72
55,49
55,67
55,79
42,69
42,96
42,72
83,82
83,48
22,27
69,71
69,49
69,75
1,57
21,32
58,47
58,51
58,69
79,11
79,18
94,70
94,86
58,15
58,32
45,32
45,36
36,63
71,57
74,48
82,85
40,15
40,32
20,43
20,40
4,37
33,37
33,38
33,23
42,97
42,13
44,5
57,58
76,44
34,79
34,0
34,18
34,2
72,62
60,57
60,27
70,2
70,89
70,74
3,69
81,97
70,16
70,61
73,44
38,73
38,4
38,52
48,60
48,94
35,76
35,33
50,52
50,72
69,44
69,22
-99,-99
9,54
9,51
9,16
94,28
66,0
66,44
36,79
36,91
36,15
29,79
29,30
29,88
93,22
93,96
86,68
86,68
85,68
12,26
69,41
21,8
21,65
21,36
10,4
10,4
10,16
80,84
80,93
80,29
80,73
68,77
68,14
73,57
73,75
73,59
73,0
65,72
85,66
98,44
98,96
57,51
57,92
57,73
68,79
68,95
69,28
69,45
69,25
52,21
52,25
52,62
52,11
52,24
52,9
77,16
50,6
95,52
72,95
80,67
0,51
62,73
24,8
24,16
24,98
28,93
28,15
74,73
39,4
35,60
59,68
31,98
7,67
56,52
26,10
51,83
95,50
95,68
69,34
91,68
26,91
26,41
26,95
26,18
76,65
25,66
25,93
25,4
8,43
78,65
92,40
1,67
1,84
5,13
60,29
80,61
34,92
34,36
86,29
60,68
57,26
44,68
44,8
44,51
44,26
44,92
60,4
4,17
4,24
94,1
36,46
36,43
68,70
68,24
68,79
68,43
64,5
95,36
63,67
5,24
5,77
5,19
5,64
5,59
5,41
5,11
5,56
91,3
91,26
26,13
26,13
26,76
2,8
2,66
75,5
75,84
99,26
36,41
62,4
62,5
17,15
84,14
84,76
84,11
84,31
84,39
79,29
11,66
86,5
86,36
86,51
86,36
86,16
24,26
24,29
24,98
82,92
14,92
82,29
8,24
2,67
10,36
28,8
64,16
64,65
89,93
89,38
89,51
52,99
52,56
52,28
52,75
52,11
52,72
85,52
41,8
40,65
59,68
77,45
84,64
33,52
33,26
33,5
8,43
47,0
1,50
1,16
15,2
15,85
43,94
43,49
66,38
66,25
98,88
98,60
98,2
98,10
93,96
93,72
12,16
12,52
12,67
73,57
19,20
6,36
68,1
68,45
68,72
21,73
21,8
16,39
95,98
73,56
73,30
73,41
0,45
41,94
78,5
33,15
68,64
16,99
3,34
3,18
56,52
26,24
65,72
8,9
98,21
88,68
64,68
57,16
84,42
42,93
42,73
42,52
92,78
92,95
50,78
50,28
50,10
50,2
50,34
50,44
60,4
43,84
82,69
4,42
4,85
56,65
13,29
42,16
42,68
79,26
79,54
5,6
8,7
25,93
88,35
88,36
68,42
16,91
16,21
82,3
82,67
78,98
78,65
31,8
31,73
67,40
86,94
66,42
66,9
33,68
82,35
96,66
96,92
40,66
40,3
66,82
68,6
68,19
68,31
25,84
56,52
5,89
45,73
2,68
1,66
66,96
66,31
59,22
59,50
59,68
72,36
72,73
72,69
50,78
50,17
50,77
43,92
89,98
16,70
16,1
16,82
16,60
16,22
29,47
29,89
31,94
31,66
4,79
4,76
8,28
8,30
13,68
69,56
69,78
15,80
99,16
98,91
22,3
22,26
22,5
84,74
84,88
84,62
84,0
72,26
72,8
68,88
44,66
51,22
99,36
14,52
14,65
14,73
43,4
43,50
25,35
25,84
58,73
58,4
58,69
58,66
51,45
6,65
6,26
69,75
69,7
30,68
30,73
30,67
65,63
4,0
4,43
70,29
26,76
26,45
85,65
8,30
8,86
8,78
91,26
91,36
84,24
84,21
29,64
29,47
58,36
16,57
3,44
67,27
67,10
6,5
6,52
6,69
56,66
56,49
21,7
21,0
64,68
64,4
19,69
19,4
98,7
0,66
31,4
31,4
31,26
15,10
15,39
68,86
93,21
34,51
59,35
59,52
7,67
7,15
7,94
26,56
22,84
22,16
4,96
4,42
4,37
4,9
4,25
40,36
40,5
40,3
86,5
86,98
56,15
56,93
56,29
56,3
56,66
56,92
26,72
26,7
17,54
17,26
17,15
52,44
2,16
31,52
3,59
6,15
6,93
24,35
4,39
72,8
72,98
36,85
64,51
64,51
64,81
64,73
64,50
64,94
64,16
64,36
12,3
39,65
39,50
58,92
5,39
13,94
74,93
74,16
72,35
65,39
86,4
86,73
26,75
26,9
26,27
43,51
96,92
96,36
66,2
21,16
28,9
4,28
75,93
75,92
56,65
3,78
3,47
3,44
19,73
19,4
72,51
72,52
72,52
72,98
84,27
10,73
8,64
5,7
5,59
13,69
35,9
35,10
35,33
35,88
85,98
85,50
41,92
41,36
36,75
36,9
16,85
16,77
16,60
16,82
67,2
67,18
67,1
43,50
15,30
15,22
15,17
21,67
22,52
22,92
30,26
57,69
57,8
5,17
4,47
4,11
4,59
4,42
24,66
60,0
60,65
60,35
44,22
24,26
7,98
75,39
75,45
65,14
47,92
58,92
58,16
58,84
58,8
73,30
73,41
73,9
15,40
15,18
15,57
84,11
84,0
84,77
96,50
2,68
88,65
21,15
24,5
70,4
45,66
86,29
0,99
0,70
0,74
0,26
0,98
0,66
93,18
93,0
93,6
26,18
52,45
52,78
52,40
4,31
45,73
95,5
95,92
45,29
60,4
60,69
58,29
13,65
13,51
31,16
69,58
84,75
84,89
57,65
57,92
0,24
94,89
94,75
94,89
39,65
4,45
4,33
4,57
91,84
91,26
99,15
99,98
59,94
59,8
59,68
59,26
45,94
56,65
67,86
67,99
67,28
67,85
69,87
69,58
69,31
76,36
76,36
50,76
85,93
85,65
85,84
85,3
21,8
66,72
73,96
73,41
73,64
73,77
9,4
56,69
84,74
84,89
84,79
24,26
1,15
96,5
57,65
57,48
91,67
91,69
82,12
94,99
94,45
15,59
15,39
98,39
98,99
34,35
34,84
34,65
89,84
69,9
69,70
69,2
69,6
69,89
88,8
50,42
75,15
69,86
69,47
75,51
63,35
63,73
76,65
3,91
3,6
3,18
3,85
77,51
68,0
68,22
68,77
68,28
68,76
59,92
59,73
59,92
59,4
59,51
93,74
66,88
66,64
66,53
66,19
31,65
31,3
31,66
30,36
14,8
22,65
22,8
22,50
33,66
33,8
10,16
10,36
76,92
94,42
94,17
73,63
73,88
73,11
4,76
47,26
47,66
3,77
52,59
52,12
52,33
52,45
52,72
1,73
33,92
33,67
31,68
28,69
99,36
91,92
91,4
91,67
91,15
12,93
16,10
47,60
21,5
21,15
94,1
94,31
16,80
16,37
1,67
1,36
1,29
1,8
52,96
52,28
50,91
50,78
50,21
50,70
50,37
85,4
75,52
29,11
31,26
31,16
31,93
29,45
42,93
42,36
42,98
35,85
35,80
92,12
99,50
74,65
62,94
74,3
74,94
74,3
68,6
93,41
93,43
98,75
36,7
42,35
11,68
8,89
8,82
67,60
67,91
67,31
4,45
4,11
4,64
76,26
19,35
84,41
84,76
1,65
25,67
25,68
25,66
25,29
78,36
78,36
78,84
6,3
6,52
84,43
84,96
41,67
41,15
41,65
9,36
9,66
10,93
10,8
92,46
92,14
85,16
85,65
85,73
41,50
41,69
41,90
26,6
77,26
13,84
75,35
75,51
75,92
75,15
73,45
73,28
44,61
84,91
56,93
68,13
68,40
10,50
36,53
57,66
57,3
57,4
96,69
85,98
62,38
65,42
42,36
29,25
29,79
29,64
29,56
7,26
18,93
18,5
40,50
40,84
13,15
13,50
13,98
92,75
92,19
92,17
2,51
65,10
51,2
18,84
72,5
72,5
72,50
72,68
67,80
35,11
7,16
95,67
85,92
85,69
85,98
29,80
5,89
5,78
95,84
11,84
11,73
11,26
94,33
17,26
17,65
17,8
68,58
68,41
68,40
68,40
68,71
73,31
73,85
10,66
47,36
47,29
51,60
16,88
16,46
22,51
74,36
96,50
4,24
4,13
88,5
35,47
35,14
35,23
35,46
12,8
33,65
98,19
98,95
98,99
98,2
88,90
88,51
88,8
88,69
5,12
5,22
56,68
39,98
26,79
26,57
42,69
88,5
88,36
86,12
86,10
82,41
82,22
39,51
85,94
60,18
35,10
41,68
41,36
35,86
35,7
92,21
92,19
92,72
33,66
65,9
60,65
60,8
52,86
52,2
52,34
52,60
52,33
10,94
10,8
50,70
50,42
50,56
50,31
2,5
39,51
13,29
13,35
84,12
78,66
78,51
92,62
92,31
44,36
21,73
21,84
21,8
75,15
41,84
41,93
62,50
62,8
94,77
94,17
69,74
69,60
35,30
82,26
82,3
82,69
82,50
56,16
88,65
88,51
50,44
99,68
31,35
74,50
39,65
59,98
59,97
5,12
4,6
4,86
15,22
15,7
33,18
66,95
18,5
75,94
75,8
75,3
67,31
67,60
67,21
79,98
88,3
65,78
65,78
65,45
75,68
75,35
2,29
2,8
98,43
98,75
62,26
62,3
17,55
17,8
17,8
17,3
76,50
76,5
75,93
75,73
22,56
22,42
75,49
75,93
15,64
26,95
26,14
5,39
28,65
62,69
65,77
35,28
35,56
35,56
35,88
74,67
74,8
74,26
8,56
89,94
89,92
84,45
93,13
11,73
13,15
10,84
29,39
29,28
68,18
47,84
3,78
7,92
64,84
40,73
78,50
78,3
75,18
4,77
73,43
73,57
73,56
12,67
12,15
12,50
69,89
25,50
25,73
25,16
25,68
25,65
41,65
0,50
0,4
0,51
35,79
35,77
95,16
95,65
95,93
98,86
98,28
98,58
98,27
98,45
98,99
98,46
98,86
35,12
35,25
35,12
35,63
58,73
47,84
47,4
65,33
98,45
98,14
66,78
35,46
68,53
68,45
98,59
98,56
98,80
3,9
3,37
84,14
36,12
9,73
94,77
94,34
7,3
7,84
7,35
6,92
21,36
21,29
21,26
79,26
79,4
79,66
31,3
31,84
31,38
82,67
9,30
9,7
9,32
57,52
11,73
6,29
42,50
42,94
33,3
33,66
15,62
93,37
47,3
47,98
73,40
73,0
73,37
29,18
29,30
16,0
65,76
79,8
79,36
79,93
66,9
66,76
66,24
66,60
11,68
58,8
58,94
24,92
8,19
8,6
72,65
57,93
7,16
7,69
65,44
65,24
8,34
8,74
8,30
8,88
8,72
73,60
42,68
42,67
8,86
15,33
59,52
59,65
44,84
92,24
92,95
92,62
92,96
59,36
12,51
88,98
88,36
88,2
67,60
36,87
96,8
96,4
67,24
79,5
31,98
1,98
1,5
56,69
99,52
36,0
36,59
36,64
36,34
36,85
36,88
36,43
91,8
91,4
36,43
16,89
16,88
16,10
34,67
34,4
57,16
57,50
0,22
64,66
52,6
40,84
40,50
65,30
65,77
56,68
56,16
74,66
74,84
85,50
47,25
52,17
52,40
52,99
52,17
52,79
78,29
13,3
86,51
86,16
79,97
79,51
7,98
72,38
72,84
25,26
25,97
12,15
70,29
70,93
70,68
70,68
75,65
5,11
92,9
92,21
92,6
66,58
66,89
10,80
65,30
99,29
-99,-99
4,49
11,31
99,4
99,51
99,21
99,63
65,24
65,10
94,3
94,2
4,90
4,18
4,35
44,46
44,74
44,77
77,79
77,25
77,81
77,97
77,84
64,2
85,95
85,95
85,22
38,91
38,2
97,20
41,91
41,81
82,19
89,49
57,37
57,19
3,32
3,6
53,68
53,19
88,66
88,65
30,56
70,29
77,2
77,70
39,49
39,44
84,10
84,89
33,26
92,55
80,75
80,90
88,26
35,93
92,26
21,7
98,75
44,53
44,24
44,89
73,34
73,29
73,64
73,38
51,81
98,84
39,3
54,42
40,18
40,2
19,38
10,3
10,90
79,3
23,64
61,31
6,3
93,37
75,21
77,44
26,1
26,40
29,49
29,66
29,65
95,69
95,71
87,82
55,37
55,7
49,41
49,41
49,76
49,88
49,12
49,59
30,77
73,51
73,60
73,39
73,50
26,25
26,77
59,67
91,31
32,97
92,71
49,10
50,70
44,74
3,14
60,49
91,39
91,29
91,92
91,56
38,67
65,10
65,87
65,92
65,31
65,23
41,54
11,41
67,21
67,36
44,34
44,86
89,37
89,49
63,49
63,49
53,30
53,52
95,56
39,84
39,52
44,4
44,40
46,66
32,52
32,90
3,82
49,98
88,3
88,52
88,35
88,95
66,6
42,30
42,81
67,56
67,59
67,74
67,82
67,63
16,35
16,70
58,91
58,44
23,45
54,34
54,85
87,81
87,84
0,73
28,22
16,61
16,99
16,54
80,75
45,84
45,84
45,97
89,11
66,4
66,20
97,6
97,80
97,23
97,50
97,1
14,73
14,75
54,60
32,3
85,86
52,51
49,34
49,33
1,44
25,70
36,73
36,61
36,37
31,7
31,5
31,99
55,73
68,27
46,44
46,37
30,23
31,18
98,37
95,38
30,9
30,55
73,80
42,22
42,3
43,90
71,65
71,3
71,18
71,26
94,68
36,3
80,67
97,28
97,55
97,79
18,64
18,78
18,79
66,40
66,32
88,61
83,13
49,29
87,97
62,2
26,32
26,38
77,33
77,58
77,64
77,59
77,20
77,41
2,41
32,3
32,18
32,11
50,97
50,44
50,3
75,92
75,24
75,16
75,80
29,99
29,91
29,44
67,55
25,49
25,11
28,81
59,2
16,54
16,37
16,90
16,49
83,90
83,97
11,78
97,60
97,85
21,49
21,95
21,35
21,37
52,60
52,63
52,21
89,99
89,19
90,38
37,46
37,92
37,79
37,23
11,74
11,20
11,79
11,15
18,32
18,34
32,81
32,90
99,76
60,66
97,58
75,53
84,51
84,4
44,14
59,90
65,23
65,51
88,3
88,3
99,45
99,29
99,45
4,67
4,22
4,54
1,84
1,44
49,96
88,73
28,99
52,86
52,45
52,21
52,4
63,19
63,19
92,37
40,30
55,61
55,68
63,22
14,18
14,19
67,23
51,81
51,61
68,27
68,53
82,3
65,92
65,57
92,67
66,36
83,70
83,99
64,26
64,66
64,75
4,61
4,44
4,67
33,35
33,3
3,59
66,98
66,6
66,83
66,14
10,35
10,49
10,54
90,64
90,86
90,69
90,69
90,88
90,92
90,83
90,88
10,22
36,65
36,30
36,73
84,46
84,94
84,57
84,36
84,92
53,81
38,19
28,97
11,58
11,33
11,87
29,99
37,56
37,86
64,99
64,65
73,87
73,29
73,96
86,75
92,56
0,3
0,66
0,19
0,54
55,65
55,3
34,11
34,67
66,38
65,58
83,49
61,62
86,66
70,45
70,36
70,88
70,94
95,53
34,2
31,22
31,84
31,37
32,3
54,36
54,16
38,44
99,6
1,84
1,75
1,61
50,38
50,33
53,49
53,3
39,75
4,75
4,75
83,73
8,70
8,26
14,70
28,61
28,90
61,51
61,38
56,70
56,84
56,49
23,55
73,1
73,20
25,30
26,64
26,53
26,98
29,52
59,5
59,19
8,67
22,63
22,16
92,73
53,3
53,99
53,66
99,88
6,52
97,41
97,8
97,20
86,90
38,54
3,39
3,6
14,66
3,58
3,98
3,50
8,18
84,6
84,79
61,43
20,91
20,26
53,95
10,90
10,61
61,20
61,1
51,61
89,90
19,23
88,26
70,96
70,59
81,71
75,58
75,86
75,79
75,25
6,49
6,75
6,44
25,52
25,37
25,17
82,70
82,44
85,84
85,65
64,52
41,81
18,20
18,62
96,81
96,81
71,95
71,37
71,18
20,2
26,82
26,38
26,85
26,58
26,10
46,19
70,79
91,36
62,73
55,11
55,49
55,54
55,52
55,52
35,64
66,45
66,31
35,25
74,35
74,66
74,90
25,70
25,3
61,89
52,25
92,61
92,95
92,61
99,83
55,37
55,68
50,59
83,11
45,37
45,30
45,54
85,78
43,65
43,19
16,35
16,68
1,75
67,94
67,23
67,10
46,26
43,61
43,75
88,44
3,36
49,60
70,94
41,68
41,52
33,2
33,54
54,32
63,26
63,81
63,68
63,54
63,75
41,19
22,53
22,21
22,34
23,81
55,22
8,22
61,13
61,85
61,80
61,1
90,47
50,81
19,20
19,86
92,35
3,45
3,4
3,94
81,27
22,98
22,6
91,88
91,86
91,71
55,81
34,73
35,38
31,3
34,97
12,75
35,33
35,93
35,8
35,77
79,11
79,99
23,75
23,81
99,78
99,92
99,15
23,59
45,49
45,54
82,91
82,44
6,19
6,37
22,15
22,39
22,28
22,15
22,93
23,81
23,66
67,42
12,26
12,19
8,65
8,44
10,81
10,18
0,19
99,86
99,27
98,67
54,92
54,1
10,22
88,52
88,52
6,73
6,26
6,11
6,81
93,18
8,65
8,37
91,34
63,30
59,73
98,15
85,90
85,22
22,12
8,37
8,5
8,68
8,11
8,66
55,84
53,35
0,35
0,18
0,97
0,95
40,22
11,39
14,18
14,67
91,45
91,92
91,78
30,40
30,34
98,2
98,30
98,54
98,70
81,16
49,77
85,79
70,15
70,89
70,8
70,32
43,22
42,97
99,47
99,31
94,99
81,58
81,94
92,66
90,45
90,92
33,11
3,12
41,75
41,2
70,40
70,89
70,94
70,41
70,76
70,1
10,65
41,91
25,90
25,68
34,97
34,49
34,18
82,81
82,2
65,55
22,58
87,68
87,69
87,35
87,90
90,79
68,85
68,45
68,12
11,47
11,60
86,35
86,3
92,75
79,22
79,84
79,33
38,91
38,90
99,36
0,38
0,25
8,81
8,3
35,64
35,31
64,84
45,22
33,30
33,84
43,97
43,18
22,33
39,11
35,39
16,97
54,42
62,66
52,60
86,11
86,84
89,54
35,60
67,93
18,42
18,36
18,69
18,16
67,33
12,18
6,3
6,99
78,48
55,75
14,37
14,22
93,66
53,75
53,65
25,3
96,37
42,22
42,7
51,97
88,95
88,95
12,49
52,14
14,66
14,68
79,78
79,26
79,54
49,57
86,18
86,49
86,52
95,23
77,91
82,99
82,84
82,67
51,66
63,18
63,66
8,30
62,18
54,43
89,81
92,99
58,73
3,59
0,81
21,52
21,19
18,6
64,81
16,17
16,49
16,35
16,90
16,2
75,20
75,21
45,67
29,52
29,84
16,84
16,66
16,97
37,98
16,26
75,12
51,67
51,95
93,81
93,5
18,86
18,25
3,32
3,15
57,99
57,22
57,22
23,19
23,26
23,26
23,84
68,16
68,71
18,56
18,46
64,73
67,78
45,73
87,95
96,99
59,84
59,91
59,35
59,97
59,61
37,58
10,37
32,44
32,99
34,75
19,4
43,15
66,1
39,75
39,11
55,3
70,59
36,84
21,37
21,18
54,14
54,79
39,81
2,58
2,15
97,45
87,61
50,37
50,97
58,84
81,89
81,96
81,36
81,16
3,87
82,37
29,2
29,35
31,93
70,4
70,21
70,94
70,86
70,63
70,58
61,59
40,91
50,22
50,99
20,65
20,61
2,59
2,21
2,89
96,49
70,64
96,52
96,66
77,49
23,1
49,1
49,78
19,57
81,96
8,3
11,85
11,74
11,63
11,19
52,69
52,4
52,57
86,22
86,30
38,18
55,65
55,84
29,44
29,49
25,22
25,97
25,37
51,90
6,89
2,27
2,29
3,64
79,3
12,97
92,44
92,90
20,67
20,22
20,22
20,99
20,54
20,73
20,67
54,82
54,39
55,73
83,66
66,80
53,26
29,1
29,1
29,78
29,77
29,1
25,70
25,66
25,37
73,21
73,69
73,87
34,91
1,75
50,11
59,35
25,37
53,26
52,39
52,86
92,73
16,90
54,0
99,57
59,26
59,19
59,61
79,99
67,46
97,88
97,0
83,75
90,51
91,16
91,53
43,68
81,85
81,21
81,32
81,33
81,92
81,74
73,56
73,85
73,89
54,92
23,73
92,84
92,19
77,66
77,70
77,49
77,30
19,82
94,26
28,65
66,16
81,60
81,36
81,29
34,66
30,12
30,0
77,99
64,75
64,3
93,37
93,90
93,22
98,18
32,97
35,85
11,92
11,20
10,3
55,75
55,44
50,19
50,61
43,18
43,97
91,63
38,68
70,74
70,45
70,4
74,52
74,44
22,8
71,54
12,84
12,35
12,99
74,11
46,49
46,66
43,22
36,66
49,58
58,66
58,81
58,44
15,67
15,11
89,5
68,34
44,31
53,97
53,84
53,26
88,18
51,30
61,34
75,77
75,63
84,55
96,32
92,73
92,99
60,70
2,32
86,23
62,97
61,53
10,22
66,74
66,83
10,30
10,35
10,68
33,21
30,96
30,4
38,19
21,66
88,3
88,61
64,66
86,54
74,26
74,52
11,42
11,88
77,65
77,68
6,54
99,86
52,89
33,66
99,38
67,82
20,11
20,30
19,38
19,42
79,35
46,24
95,51
61,10
64,70
64,81
51,52
61,46
61,74
23,38
65,6
65,39
53,70
60,22
60,52
43,91
39,53
81,86
89,35
89,66
52,63
74,84
74,67
74,90
11,34
55,73
55,37
55,95
45,84
45,37
45,18
21,49
21,2
21,73
38,10
29,10
90,34
31,22
31,84
67,46
67,34
67,94
67,92
89,90
89,70
21,68
21,49
21,3
66,32
66,39
95,51
95,40
95,60
95,58
38,26
38,26
38,30
62,99
67,32
3,55
3,59
3,15
98,97
20,52
18,39
6,90
78,18
78,19
78,65
78,19
10,73
10,22
26,55
0,2
82,26
82,30
82,70
62,35
53,30
90,39
11,28
79,3
79,18
79,73
79,35
38,52
38,75
88,67
88,73
88,44
74,22
28,65
28,75
67,23
67,51
91,28
12,90
79,52
79,65
79,67
40,97
78,52
78,19
78,68
52,42
6,22
14,49
58,37
10,99
10,44
97,29
97,78
97,15
92,77
83,66
44,78
44,1
45,11
85,97
22,28
22,92
35,36
35,53
35,79
49,6
49,58
49,58
49,63
49,71
49,71
49,55
23,44
23,3
84,58
40,67
61,39
61,6
61,62
61,74
53,99
41,99
82,3
28,18
28,11
54,34
54,55
54,23
40,97
40,67
92,68
92,66
83,75
56,18
56,84
56,67
56,49
56,30
51,54
51,35
11,82
11,31
41,37
0,2
99,29
59,73
59,49
59,11
45,73
45,37
44,93
44,25
44,36
87,72
18,69
66,21
56,44
56,52
12,97
12,22
12,75
12,91
71,44
71,37
54,85
11,6
44,80
44,59
44,78
44,53
60,65
89,19
89,19
79,11
79,11
79,37
32,67
46,26
2,63
2,94
57,49
94,35
19,38
67,64
11,38
21,65
50,22
60,11
60,19
60,26
97,38
25,26
25,90
25,19
32,70
20,22
20,30
20,54
79,26
79,30
3,98
56,52
43,67
68,4
68,43
68,23
68,92
68,92
79,37
3,77
3,94
26,60
62,66
62,22
12,97
19,78
19,85
92,55
92,59
92,12
92,71
92,79
92,83
92,53
92,85
92,11
92,20
92,41
92,36
92,94
73,21
73,31
65,94
65,89
65,71
1,73
88,70
6,70
6,70
89,19
54,38
54,92
53,30
53,65
29,26
29,84
29,68
29,52
35,33
35,62
74,68
74,99
74,52
42,30
42,26
3,86
3,77
3,62
60,19
60,67
60,65
4,67
83,97
86,22
86,70
23,2
29,37
61,45
61,25
64,41
28,44
28,54
28,75
50,67
29,3
29,2
33,44
33,26
33,66
54,38
98,68
77,95
77,70
40,2
40,54
25,22
88,35
97,83
97,47
36,75
97,15
68,46
68,47
-99,-99
30,25
79,22
79,53
79,96
96,15
41,57
41,45
47,18
37,77
37,96
48,63
48,68
48,24
78,32
77,5
77,99
77,20
59,68
59,0
33,65
44,3
71,53
71,98
71,77
71,48
75,97
75,9
20,98
20,77
83,75
83,2
85,29
15,22
58,63
61,37
44,83
62,18
62,54
99,53
99,44
24,96
24,91
24,29
49,65
49,98
49,75
49,48
58,35
58,71
42,83
79,57
3,26
15,29
62,79
45,18
45,27
57,3
57,56
57,49
37,77
73,30
47,11
47,33
47,6
47,88
24,65
24,48
14,91
22,49
22,33
22,14
5,69
5,77
95,14
95,20
14,23
35,26
35,98
24,77
46,45
46,75
19,91
19,47
26,37
26,0
26,38
35,77
63,22
63,48
45,84
45,63
45,3
45,88
45,41
45,97
45,35
16,83
16,71
16,7
16,11
16,17
82,62
82,22
82,57
82,95
97,93
30,89
44,50
33,42
33,2
41,57
41,22
46,96
43,91
43,96
43,77
43,69
12,24
14,61
89,96
95,14
27,61
27,57
40,45
40,44
51,98
47,94
22,11
22,82
47,28
47,20
47,32
37,22
53,4
20,80
20,22
54,71
14,48
57,72
98,9
81,96
63,30
81,93
57,40
57,40
11,16
11,47
26,0
26,5
26,21
26,71
26,97
26,82
79,14
83,47
84,42
57,46
57,99
57,84
57,99
27,62
82,12
51,45
51,80
42,35
44,7
53,71
15,65
20,98
22,94
22,15
82,30
26,85
37,49
65,7
7,69
53,25
9,12
9,16
78,12
0,30
0,30
54,45
54,22
40,69
57,72
63,96
45,83
45,71
42,73
42,28
56,69
68,26
98,28
13,91
13,53
30,84
30,79
77,27
77,11
65,27
65,54
65,85
15,57
6,87
6,80
75,89
35,44
9,91
32,12
83,93
11,59
11,8
11,58
48,6
48,54
80,49
80,9
80,89
80,14
80,15
18,30
31,26
12,97
36,55
36,55
26,21
26,85
45,4
4,8
4,57
4,45
80,25
80,15
29,50
29,41
73,98
19,58
49,58
2,94
71,2
71,29
64,93
64,80
64,53
24,8
78,13
4,69
62,9
56,44
56,45
56,77
37,90
37,90
40,30
40,57
35,98
75,63
37,57
3,65
3,96
85,62
85,95
85,96
47,11
40,78
21,75
90,25
90,56
16,71
31,16
93,43
54,47
54,65
50,98
50,90
50,61
79,42
98,19
98,23
31,62
69,10
69,4
59,50
59,56
77,43
97,75
97,75
95,9
95,4
53,9
53,6
53,11
30,4
15,57
72,69
72,65
61,31
29,32
95,71
95,54
95,3
95,78
57,79
11,48
38,48
38,69
38,26
19,80
19,93
16,15
16,97
16,83
16,64
16,17
4,90
4,23
9,98
9,47
9,90
9,12
9,45
79,16
79,69
32,75
32,98
32,58
59,11
24,47
83,22
24,30
24,2
24,47
13,22
45,46
84,2
84,58
84,77
84,30
65,0
65,49
79,58
79,75
98,10
98,54
98,20
93,37
93,24
0,44
59,85
83,2
99,58
99,29
99,93
42,25
42,31
2,24
80,4
26,60
26,94
54,59
33,22
31,67
93,0
27,69
75,89
75,28
75,70
19,75
13,75
15,61
73,95
10,75
18,2
54,58
54,75
54,77
13,91
54,95
58,37
58,10
83,91
44,7
44,79
13,75
75,27
75,33
75,49
27,90
27,95
61,89
71,76
5,90
5,12
30,11
30,19
59,84
65,60
15,65
35,47
35,61
77,9
85,26
19,29
5,2
64,35
45,67
96,10
50,2
62,68
62,19
83,53
83,12
83,75
57,50
32,29
32,57
32,77
32,2
5,62
32,58
7,44
7,69
7,16
26,64
18,30
25,90
28,96
64,16
89,57
89,48
38,95
38,96
46,26
46,80
75,63
70,22
46,45
46,42
57,71
0,29
22,71
22,43
57,31
91,9
91,83
91,52
91,7
65,43
26,64
13,42
64,80
19,42
19,91
38,53
38,48
15,44
15,96
98,60
63,62
32,44
32,45
71,80
71,47
15,22
15,95
53,97
17,45
17,44
25,44
25,62
50,69
12,0
10,57
10,59
10,61
30,46
28,80
15,61
15,58
15,2
38,95
12,31
90,9
90,83
90,3
65,37
65,73
65,31
65,28
65,83
16,32
16,71
16,49
83,30
35,30
35,93
56,42
25,22
50,12
70,22
70,98
84,48
84,93
90,28
90,99
90,19
95,21
64,61
64,2
64,65
64,30
63,48
99,42
99,45
1,66
13,28
30,82
30,3
19,26
19,98
44,81
44,81
44,31
44,31
44,43
44,18
44,89
44,78
44,13
15,80
15,62
12,32
12,27
71,90
96,46
63,75
27,75
47,51
30,63
46,44
71,62
95,78
95,14
13,59
32,30
6,69
61,64
61,83
61,64
61,54
61,71
46,67
81,10
81,71
7,45
7,61
7,77
7,90
97,2
97,57
63,22
63,59
94,93
35,69
24,91
24,59
2,51
2,27
28,98
28,2
89,30
27,58
45,35
90,94
41,42
70,30
70,61
97,77
18,90
18,8
18,75
18,95
70,12
70,59
30,33
25,93
25,22
89,53
89,93
22,74
22,28
59,72
59,15
96,28
96,56
96,11
80,32
80,84
80,19
80,81
80,21
80,63
80,50
61,97
62,51
62,97
43,30
77,40
77,72
84,44
84,53
84,12
38,65
99,13
64,65
82,98
43,22
69,54
69,50
69,88
28,44
4,2
63,45
35,22
21,96
27,12
78,45
78,69
78,45
78,69
48,81
4,44
4,48
44,99
44,18
51,65
51,16
51,59
48,23
11,16
20,26
2,82
25,57
91,72
43,45
56,16
45,24
61,64
61,99
61,28
5,44
5,48
5,61
5,47
5,90
58,6
93,34
80,89
75,38
75,11
68,45
29,82
29,51
29,18
29,13
43,44
47,10
47,81
47,9
47,17
37,48
37,80
96,6
96,19
71,69
71,44
71,94
71,2
70,78
15,80
47,33
89,47
93,27
93,99
53,78
21,65
37,43
37,84
54,23
17,53
17,80
17,62
17,95
56,16
62,78
56,26
56,98
56,26
40,16
22,0
83,90
83,45
93,34
2,20
2,85
2,21
80,51
10,75
37,42
50,61
50,58
58,9
58,9
58,41
18,30
57,32
17,44
17,12
17,75
42,14
42,68
42,97
42,13
42,56
32,65
89,26
26,6
16,70
91,10
7,30
7,42
37,8
69,13
69,21
30,78
30,17
30,82
96,3
93,71
38,95
59,37
59,9
59,84
59,31
59,50
59,51
59,99
79,2
48,32
64,22
64,42
44,48
56,61
56,80
2,19
6,61
6,57
12,43
2,13
82,30
2,54
2,35
95,99
95,94
6,12
84,69
69,38
69,50
69,85
73,95
49,16
58,89
58,27
42,27
61,32
61,84
61,32
58,68
58,3
77,7
77,37
77,6
77,18
77,3
48,70
54,48
59,19
59,27
59,28
70,57
91,81
91,71
29,38
77,20
77,18
42,33
80,32
18,75
18,93
38,30
69,50
69,43
24,77
50,29
83,22
97,57
27,91
29,63
29,84
29,84
29,71
29,84
12,51
5,61
12,20
58,37
58,3
58,33
29,24
29,94
29,99
47,18
37,58
49,61
4,69
4,26
4,57
97,45
97,48
99,22
7,77
62,37
80,33
79,69
25,2
75,32
16,51
17,62
38,80
61,83
61,24
61,24
61,11
53,49
75,51
97,47
97,80
69,20
69,27
69,81
17,2
0,47
63,26
80,50
80,64
96,60
30,64
30,68
30,25
30,15
30,13
0,61
0,53
0,59
0,44
0,98
33,96
33,67
82,69
37,2
73,59
73,98
40,12
42,38
42,35
42,46
42,99
42,54
73,65
73,91
91,37
65,89
65,51
65,18
71,61
30,84
99,44
99,58
99,90
25,2
25,30
25,2
83,48
5,77
38,2
75,37
47,52
50,92
50,22
7,42
85,59
85,45
94,62
94,95
94,48
31,96
31,45
31,7
18,61
33,44
40,26
40,53
57,27
57,10
57,0
19,69
19,65
9,25
9,10
9,13
71,53
71,45
71,29
45,54
38,69
63,42
30,13
78,45
78,65
78,44
48,9
48,81
27,93
12,51
15,44
98,24
98,24
38,65
32,58
32,59
69,25
69,88
69,88
69,50
69,7
96,3
99,91
99,90
96,56
96,3
10,72
61,70
15,65
70,77
78,69
78,77
78,80
72,62
3,69
82,91
82,96
82,90
50,90
50,58
50,22
50,53
78,69
47,70
47,72
47,72
77,72
77,60
77,70
24,90
24,98
57,21
10,65
35,30
35,98
54,44
54,59
54,44
19,59
59,49
2,6
2,46
25,95
25,64
25,93
3,57
70,69
70,12
71,58
71,53
35,2
89,80
96,19
96,5
72,96
72,44
62,73
38,61
15,58
15,95
54,58
54,47
54,91
53,83
63,61
91,6
72,22
61,0
68,44
68,45
98,20
16,79
44,51
44,70
44,31
44,38
51,26
40,42
54,16
16,41
53,99
53,18
53,20
53,49
79,53
78,77
86,39
96,20
12,9
12,18
69,49
69,33
69,71
45,89
45,83
13,80
13,77
49,22
49,58
44,32
44,33
77,7
94,62
94,16
94,57
45,70
29,78
29,84
29,97
29,43
29,41
75,3
3,26
3,96
3,59
3,22
44,35
44,68
33,77
33,95
33,47
33,76
53,11
53,9
79,57
85,98
46,58
46,12
46,80
46,26
71,67
14,75
14,22
26,13
92,87
5,48
33,42
14,29
14,65
14,74
14,44
96,20
69,4
62,1
71,44
71,45
71,59
46,59
46,16
46,61
58,52
51,69
51,69
96,18
80,5
80,79
80,56
26,99
26,72
26,84
26,78
26,46
3,48
69,82
72,95
72,42
72,69
9,65
9,75
29,6
29,41
91,52
22,72
31,62
0,44
0,69
38,2
38,98
38,96
89,57
89,62
71,59
79,22
96,35
31,59
95,31
95,78
95,25
19,61
19,2
19,44
98,97
98,64
98,5
80,20
25,69
25,58
25,69
33,26
80,9
80,46
80,88
53,38
53,14
53,56
44,14
28,47
64,9
64,25
64,84
64,14
75,54
24,42
81,69
81,59
81,53
16,83
4,65
70,58
41,12
97,16
9,77
9,98
61,17
45,49
45,15
2,6
2,94
46,90
46,95
46,61
81,53
81,44
81,2
33,59
29,63
35,96
35,62
35,44
5,67
5,65
64,30
28,61
11,59
22,5
22,31
22,49
22,37
25,2
77,50
77,97
82,2
82,70
82,98
82,80
26,53
26,37
16,3
2,25
72,37
85,53
22,25
22,56
12,40
12,11
32,58
38,80
38,29
3,26
27,90
43,58
79,57
79,2
79,53
79,65
77,68
77,94
77,43
30,40
30,15
6,90
6,58
42,35
42,15
10,80
10,30
44,43
44,31
44,97
4,62
80,81
80,27
80,88
80,41
80,78
57,50
57,17
57,10
98,52
98,40
19,62
64,47
12,4
12,32
12,99
7,42
37,88
37,30
93,27
84,41
63,96
57,68
57,37
35,48
35,69
27,75
11,47
2,19
2,72
2,71
75,85
75,10
75,83
57,9
49,80
73,43
73,11
21,77
0,22
98,20
98,56
68,77
6,75
6,53
95,23
65,38
68,96
68,48
70,87
70,62
22,97
22,84
45,82
44,9
44,37
44,71
53,40
53,63
53,7
53,72
20,96
19,80
19,90
90,79
90,19
90,19
96,84
22,89
5,90
5,62
5,42
5,57
41,61
41,90
5,57
73,2
73,12
4,98
4,29
77,4
77,97
65,27
65,89
65,81
65,21
10,53
40,22
40,16
99,16
94,42
94,44
12,40
12,78
25,47
25,44
25,61
15,61
15,16
15,90
70,2
70,48
70,75
46,61
46,42
94,90
93,54
37,98
81,12
81,22
49,93
49,77
49,77
53,40
53,31
95,31
40,61
40,98
-99,-99
66,84
66,75
88,54
5,94
5,72
24,59
24,59
24,20
24,37
14,71
87,80
36,25
93,96
24,11
93,96
93,91
40,84
54,73
57,12
84,45
84,46
84,5
84,9
46,17
13,56
36,45
90,36
3,37
3,16
3,83
91,99
65,36
86,51
48,97
70,26
70,4
80,19
80,53
13,4
76,84
27,62
27,53
41,34
91,34
55,11
48,78
45,72
45,23
45,54
87,44
53,9
88,57
88,32
88,32
6,26
88,57
88,4
88,19
88,37
97,80
41,34
63,75
53,86
69,51
69,99
69,93
34,12
34,14
24,56
75,21
81,57
81,23
75,32
38,27
38,40
12,87
99,12
97,63
97,73
97,61
3,45
53,38
25,99
25,53
33,87
33,26
33,51
92,95
92,99
94,21
23,44
23,12
2,54
25,11
70,87
88,54
83,4
83,84
83,71
36,76
46,75
46,36
40,11
21,72
72,98
94,86
94,86
92,99
92,62
36,20
36,6
36,38
32,6
32,70
32,38
80,36
80,71
64,62
99,91
99,13
90,26
84,69
84,98
84,48
84,33
74,12
10,71
10,93
10,35
10,62
10,57
6,97
6,32
6,56
6,86
92,3
72,21
65,71
55,23
55,87
66,53
66,17
79,53
79,72
79,32
94,85
94,65
94,73
53,25
53,73
53,65
53,13
53,5
5,97
24,3
17,40
17,12
46,99
98,54
26,55
26,91
94,88
45,36
72,14
72,46
75,88
75,18
32,76
32,86
99,83
55,71
55,42
14,87
86,38
86,88
86,81
86,12
86,25
86,37
86,25
51,27
93,39
97,73
97,81
69,36
69,23
90,17
90,26
96,71
96,4
96,34
34,13
34,33
34,83
34,24
16,32
36,98
36,77
36,66
65,72
65,94
54,63
54,13
76,72
76,17
76,26
40,29
74,98
99,22
99,43
51,10
51,10
51,13
21,94
10,32
57,79
57,41
57,43
36,24
36,22
36,59
36,33
32,73
85,87
85,94
87,92
87,33
87,10
87,9
13,36
13,19
13,19
73,57
44,94
62,38
71,55
71,20
71,86
71,16
71,79
48,34
48,56
45,4
45,51
6,93
33,26
33,93
26,96
39,97
39,72
41,4
37,23
87,92
87,9
87,33
87,10
22,4
25,72
94,86
84,63
84,76
38,3
38,4
38,87
38,93
38,11
74,66
19,10
99,79
80,84
13,71
73,75
54,64
5,72
36,20
92,36
99,2
65,53
65,53
65,57
12,53
10,19
10,36
76,51
67,87
91,71
51,43
51,81
57,66
54,6
54,12
54,63
27,75
27,71
85,17
65,75
65,87
65,4
65,34
65,53
23,25
99,85
5,4
5,72
97,33
34,2
94,9
94,5
94,76
24,56
53,18
53,16
37,97
37,19
65,71
65,19
65,7
65,28
72,39
0,26
0,56
0,99
0,54
0,54
0,97
40,51
64,23
64,97
64,62
64,3
53,65
97,63
97,79
97,86
79,99
73,3
73,72
73,23
4,61
4,5
4,9
90,97
59,57
92,56
92,75
92,32
20,93
26,61
46,23
23,91
52,11
12,97
80,53
23,39
23,25
25,44
58,74
57,65
69,3
69,51
33,71
56,61
56,61
45,75
45,19
45,4
45,4
40,24
86,53
33,72
69,71
36,24
63,7
80,93
80,36
86,99
86,75
69,97
69,75
74,10
74,10
51,61
40,71
71,58
80,72
80,74
44,97
72,92
91,99
91,17
91,11
70,26
70,82
76,75
76,4
36,55
81,75
10,56
74,40
86,97
86,53
92,57
51,92
51,65
51,24
51,27
3,18
3,16
3,24
3,65
3,85
51,48
51,46
87,85
87,61
37,75
37,7
37,72
23,76
23,65
23,41
27,87
40,32
40,17
40,23
76,74
76,34
76,53
3,40
74,86
53,76
53,16
53,65
72,22
75,0
75,61
99,43
99,44
99,88
99,92
65,34
76,75
59,56
59,3
39,57
48,62
70,71
75,78
62,63
62,18
62,48
22,87
22,71
32,9
32,10
32,37
56,38
56,88
56,38
57,48
21,36
56,5
56,65
12,99
12,72
34,85
74,38
74,25
74,5
74,91
74,90
10,84
10,17
10,23
10,29
84,25
84,64
94,46
94,86
86,43
2,62
2,57
2,94
2,82
19,80
19,81
24,23
94,40
94,12
57,38
57,61
71,13
71,59
71,25
71,65
71,40
3,59
64,36
63,4
63,56
24,34
63,23
20,93
20,75
51,41
3,6
3,86
86,4
38,53
5,94
38,93
88,56
64,36
18,36
36,46
34,44
34,12
34,45
56,76
56,83
65,99
93,20
93,63
12,75
79,34
16,50
20,26
20,56
55,36
48,4
38,71
38,62
22,95
40,94
40,71
40,87
36,85
90,54
90,74
90,84
99,39
59,71
53,41
53,13
53,66
66,87
70,32
64,34
59,74
59,32
43,87
56,80
21,29
81,54
48,93
61,17
14,72
13,53
34,85
6,17
88,72
39,71
88,74
91,19
57,10
3,64
3,41
3,59
84,24
66,36
66,75
11,9
81,87
34,39
38,87
38,3
21,36
99,66
99,10
73,36
73,99
53,6
12,64
12,9
52,36
94,79
94,5
56,47
56,45
34,61
34,81
34,59
74,14
74,92
74,79
84,9
84,65
84,44
66,75
34,0
34,81
34,88
34,14
34,92
66,87
18,93
18,23
27,56
61,17
40,74
40,74
40,75
40,34
40,57
40,56
40,75
87,2
96,23
96,75
44,93
46,35
72,9
72,79
72,10
72,55
41,72
41,57
10,72
10,34
10,19
10,56
72,40
71,55
71,67
94,48
69,36
69,51
4,63
38,26
97,70
92,96
92,86
92,43
92,20
92,25
92,80
92,41
99,21
92,84
92,84
72,7
72,45
5,11
76,71
76,23
39,23
46,87
38,34
65,74
0,84
0,72
55,26
55,74
57,64
57,38
57,43
98,65
99,38
99,43
57,64
61,4
61,72
37,87
65,26
53,38
40,99
40,3
40,71
40,4
40,23
43,3
26,6
5,23
99,5
27,87
61,17
70,56
70,94
63,32
38,4
96,34
37,26
11,64
62,98
62,22
71,63
83,99
83,23
85,72
3,9
91,54
57,66
57,24
57,9
4,92
90,53
90,19
46,56
9,10
69,75
69,94
92,36
79,54
57,22
90,17
90,54
79,53
79,57
5,72
85,23
85,36
53,38
33,51
33,72
33,99
33,74
94,85
75,52
75,59
75,16
75,27
33,3
33,11
33,87
81,93
92,23
93,27
74,14
74,0
71,91
71,2
96,19
96,26
87,9
37,11
37,84
94,49
94,37
39,26
51,45
51,40
71,27
71,27
71,2
71,55
71,67
71,91
71,0
90,56
36,9
36,61
87,10
27,75
27,17
27,32
84,98
84,6
41,36
59,23
59,87
84,61
84,85
84,73
4,69
92,56
74,0
74,13
74,24
74,9
73,26
9,72
17,65
71,61
40,51
74,90
74,7
25,36
45,57
23,24
32,14
40,87
76,94
45,32
45,87
85,87
64,4
64,54
53,61
53,20
53,73
40,36
40,36
0,99
0,75
62,76
13,53
19,21
19,37
4,6
4,77
4,55
37,21
57,79
73,62
23,45
23,64
2,25
2,80
81,93
76,93
76,57
76,94
62,43
58,15
93,52
27,4
55,54
57,96
9,75
71,25
6,74
75,70
70,97
70,19
71,76
6,71
73,71
73,97
0,23
0,23
43,3
43,82
69,97
36,14
46,34
69,62
69,36
73,29
73,64
0,4
45,94
45,53
73,51
73,34
73,17
73,84
73,87
26,16
26,60
0,3
0,4
47,84
84,13
84,91
84,55
84,64
10,97
88,53
99,43
99,46
86,87
73,53
41,19
41,11
62,20
41,99
41,3
41,99
81,84
16,87
53,46
85,54
71,24
51,63
99,83
69,51
20,34
20,71
12,32
98,97
20,93
33,53
87,63
87,47
87,96
61,11
61,93
61,75
61,4
34,2
75,68
0,87
17,83
17,61
17,63
51,96
51,0
51,63
72,21
72,92
72,10
88,75
26,77
26,70
26,45
37,94
37,94
69,84
14,23
57,12
57,64
86,8
86,4
86,75
55,19
55,72
79,62
86,57
57,2
57,41
57,59
57,85
57,21
94,76
94,38
56,0
56,0
56,38
3,40
3,47
87,83
87,80
87,13
34,85
67,72
53,69
97,6
97,9
53,39
56,27
56,47
46,94
46,84
48,11
38,54
14,53
21,75
71,23
21,36
52,23
52,8
10,17
10,56
79,17
79,97
4,9
4,2
63,56
63,54
34,77
34,91
34,46
34,88
2,51
2,54
18,47
79,10
79,10
79,25
79,18
59,56
57,76
62,41
76,19
76,4
58,31
62,44
46,11
46,32
70,23
87,86
67,72
67,94
48,75
48,19
48,18
93,37
93,90
93,24
71,10
71,22
71,70
75,98
71,73
71,2
4,86
36,16
36,64
34,83
19,98
19,66
19,91
61,3
34,69
90,62
90,87
55,56
55,99
55,32
75,83
72,96
81,72
81,19
16,11
16,36
16,3
16,4
39,3
39,23
80,4
80,94
43,23
43,93
24,99
24,34
24,75
52,4
40,75
18,4
18,75
36,78
89,1
48,3
83,84
81,11
39,32
76,29
36,91
36,73
86,99
86,26
14,94
14,94
21,75
21,53
20,54
20,74
20,3
20,34
9,87
83,72
18,56
18,4
88,84
55,74
87,39
54,16
54,61
51,45
39,87
39,19
39,84
39,3
67,74
67,36
75,33
84,37
84,85
84,13
85,62
85,57
85,4
85,3
2,51
6,74
6,99
53,41
53,61
53,16
51,39
83,57
69,53
69,93
51,73
99,77
6,36
93,63
27,71
91,62
88,62
88,72
57,61
57,74
57,83
57,9
56,38
17,25
17,80
17,85
97,44
97,10
97,22
65,23
65,71
47,34
47,17
47,84
80,54
97,0
99,13
75,66
75,33
46,36
16,75
11,7
11,96
84,25
66,94
72,64
72,73
92,4
92,4
87,37
72,61
72,12
72,81
26,52
80,36
97,96
97,7
48,74
48,51
48,36
32,40
32,66
32,55
94,24
94,21
56,40
56,81
11,24
23,63
23,65
97,98
63,87
85,97
13,11
44,84
55,57
55,26
20,84
92,59
67,23
67,30
67,62
17,38
53,70
57,69
93,48
87,6
64,32
54,92
83,4
71,73
37,74
26,64
26,38
26,47
4,14
87,45
75,0
74,64
9,19
39,26
70,54
70,53
47,99
87,7
57,38
43,80
23,85
17,96
17,33
90,84
44,71
44,29
63,71
56,90
81,71
44,99
44,51
44,94
39,71
64,75
12,97
12,36
48,97
27,54
32,21
90,75
87,52
45,19
54,64
0,32
0,87
0,93
0,34
56,47
54,24
20,51
44,34
16,94
-99,-99
64,76
19,51
61,13
61,5
2,72
99,5
55,46
64,87
64,54
77,98
27,13
3,59
3,61
3,38
78,69
97,23
19,7
19,31
19,9
7,11
7,49
7,67
54,67
54,1
54,4
91,13
70,45
53,13
73,37
73,81
73,99
73,51
95,26
23,66
69,58
69,43
69,8
69,77
84,29
84,93
84,22
84,35
25,76
3,28
7,42
7,13
3,70
3,37
14,41
86,36
86,31
52,71
32,67
32,45
3,91
49,88
67,36
17,42
17,67
16,66
16,45
15,11
45,4
45,82
45,36
45,16
45,71
45,87
11,57
3,4
47,83
27,12
92,88
36,45
36,26
73,88
50,30
79,46
1,95
1,82
35,42
66,20
83,46
83,11
83,3
52,19
17,19
72,13
17,66
13,61
13,85
74,26
65,84
58,84
58,94
64,61
12,16
9,1
9,5
82,66
40,96
11,68
11,99
86,16
86,65
94,70
22,5
88,64
26,68
26,74
26,51
26,14
91,12
27,86
25,38
25,20
25,99
25,6
35,67
0,73
24,66
24,25
27,45
90,11
84,76
48,45
32,98
6,45
14,9
14,22
14,6
47,10
47,43
47,44
71,94
88,45
86,29
86,20
86,3
10,94
10,94
71,5
74,49
74,45
64,83
90,49
90,42
90,94
90,98
47,22
47,22
47,44
17,84
98,9
83,26
83,49
95,96
95,1
83,73
42,38
42,48
42,51
97,8
97,95
97,7
19,68
82,64
45,40
45,40
66,87
32,64
32,86
9,26
65,64
65,73
2,87
2,79
2,61
11,44
11,36
30,64
30,49
27,97
27,11
27,2
68,2
72,47
72,66
29,64
29,12
26,27
26,15
72,84
72,96
72,3
31,98
54,12
73,22
90,26
95,14
95,53
64,10
64,27
64,85
70,66
70,11
66,93
59,1
59,3
66,50
31,94
31,46
73,28
73,87
73,93
73,99
11,27
81,69
81,86
32,66
32,2
32,19
77,84
37,92
3,52
0,73
0,47
0,46
1,83
82,86
82,73
82,45
46,32
46,83
52,64
46,51
46,38
35,73
0,3
0,98
50,64
36,19
19,81
95,13
95,73
26,52
81,42
81,84
81,25
45,99
45,99
49,10
29,13
10,69
10,84
69,52
69,6
47,80
84,28
23,72
50,98
50,12
53,5
53,1
30,6
30,31
30,28
30,52
30,8
30,8
30,95
30,9
30,68
55,64
55,98
45,40
45,22
45,28
45,55
96,32
32,47
53,73
0,12
0,47
81,84
31,47
58,86
58,66
14,89
14,12
14,1
61,4
74,26
65,66
93,86
36,12
38,84
5,29
5,33
31,46
31,66
31,49
92,8
27,84
29,67
29,73
33,73
97,15
97,9
14,42
40,92
40,26
40,64
40,26
3,43
3,78
20,96
22,3
22,42
45,22
1,82
1,82
7,73
7,47
23,46
72,25
72,11
72,3
42,27
1,14
78,26
78,19
78,66
78,3
65,69
12,4
83,25
83,86
83,94
25,17
25,44
83,42
83,46
83,86
3,23
37,69
51,45
22,49
98,10
98,8
45,6
78,49
80,98
97,27
95,26
95,69
4,92
4,47
5,81
5,65
5,88
5,79
1,36
1,72
1,26
92,15
92,65
92,95
92,51
92,55
92,74
92,79
92,99
30,45
49,90
49,63
74,50
83,98
83,2
40,42
40,42
44,92
44,12
86,35
51,92
91,26
91,3
14,84
14,45
59,26
5,43
87,1
94,71
38,45
38,86
38,96
61,84
27,98
11,68
11,27
77,66
77,86
81,26
1,59
27,13
12,88
6,66
6,47
51,64
43,98
37,86
13,48
13,58
13,40
13,78
2,83
35,1
93,12
35,26
74,97
38,73
27,47
67,55
67,24
81,26
81,5
81,47
88,73
88,25
13,78
32,3
13,81
33,45
6,46
95,66
36,97
36,46
12,48
59,46
71,46
92,81
13,17
13,85
24,45
96,44
96,9
92,4
32,86
45,61
1,38
5,54
3,55
79,2
79,42
58,66
58,66
58,42
23,26
23,94
82,19
82,3
82,26
82,64
90,2
11,16
1,93
2,36
45,29
27,67
27,92
68,49
68,26
83,13
6,92
6,96
13,8
8,13
84,38
80,3
5,65
81,25
81,42
81,66
81,69
54,11
36,73
28,13
58,13
45,9
79,45
49,20
84,93
84,83
97,74
97,82
47,65
36,96
72,21
68,1
95,12
95,64
95,1
93,26
93,47
93,1
46,76
1,23
1,30
36,67
36,5
36,96
64,29
64,36
54,11
54,96
87,5
87,3
94,89
16,26
36,46
36,45
83,1
3,7
3,37
0,26
0,86
0,46
92,23
93,25
45,82
45,54
46,99
87,42
1,74
98,31
98,20
98,0
76,66
67,32
42,90
42,83
27,45
27,69
7,98
48,73
71,5
71,98
79,12
82,45
28,46
33,64
3,32
3,95
3,53
3,88
17,26
17,26
17,92
17,94
63,26
63,13
53,45
53,73
66,22
77,49
77,84
42,78
42,91
83,96
83,92
98,70
98,87
98,35
94,38
12,83
93,45
72,83
72,19
58,98
72,97
72,46
68,97
98,16
98,87
98,68
82,5
82,46
97,15
50,78
20,98
20,2
20,66
2,76
2,70
2,72
4,92
26,37
26,95
26,32
5,99
80,12
29,96
12,51
99,71
49,71
49,23
14,25
83,31
20,66
81,26
81,25
81,47
25,72
48,45
93,73
4,2
42,20
20,64
20,26
61,45
13,36
78,42
78,73
11,32
73,80
73,38
73,79
73,81
73,77
6,26
63,5
63,13
30,69
94,33
26,23
5,82
26,55
23,47
23,12
43,60
19,55
12,43
28,25
28,69
9,1
91,66
98,81
88,92
88,92
54,66
14,92
13,59
13,17
1,38
22,45
22,94
86,59
86,16
86,15
42,53
42,65
42,99
42,37
46,53
46,76
46,0
46,76
2,0
2,70
2,37
78,86
4,94
51,64
58,2
58,49
15,25
15,26
15,42
27,1
19,9
19,22
19,54
19,74
19,22
13,77
2,16
24,11
24,73
24,42
79,5
2,87
66,78
80,97
80,94
80,42
80,46
68,25
70,69
55,69
73,10
24,19
24,26
24,66
30,67
30,46
72,1
87,12
87,73
87,26
33,11
33,94
33,64
33,66
33,26
65,97
19,16
57,13
57,64
12,24
12,91
12,76
12,4
49,38
73,99
73,65
73,38
73,99
73,40
73,51
73,88
37,11
6,97
81,25
81,64
5,93
5,52
5,37
26,44
20,5
40,96
40,97
49,20
49,81
92,53
27,73
90,42
90,73
33,73
33,86
1,36
1,79
13,10
14,37
14,6
14,15
46,91
46,10
46,71
63,73
63,3
7,69
59,46
32,46
31,26
31,96
79,49
40,75
40,86
40,19
40,31
40,92
52,13
79,86
79,92
79,73
30,98
99,49
70,96
70,96
35,49
35,47
87,84
87,96
87,19
87,67
52,42
24,92
44,23
68,66
2,79
64,10
64,78
64,44
64,71
64,6
64,90
14,66
14,84
14,42
71,19
71,19
57,26
87,66
32,69
32,3
32,59
52,73
52,1
52,67
52,84
14,42
8,64
83,69
64,81
76,45
76,44
59,42
59,13
3,20
3,80
3,24
3,87
24,3
24,94
71,47
23,69
16,97
65,42
65,3
45,79
45,74
48,88
48,30
67,9
67,36
46,59
65,19
65,74
65,25
50,49
30,66
30,66
30,47
30,73
2,74
81,73
42,63
99,66
61,47
63,19
63,69
63,25
12,14
12,28
42,32
77,67
88,99
88,86
53,84
44,43
98,78
96,22
1,63
1,77
1,38
1,88
64,16
42,88
25,36
13,44
30,46
30,86
30,96
1,77
83,97
11,23
11,57
32,42
45,58
65,1
65,1
69,76
69,27
54,92
54,47
15,67
61,94
66,6
80,73
47,80
47,31
47,83
47,29
47,6
47,9
15,47
76,3
2,57
2,15
54,86
3,61
16,73
45,44
45,24
80,19
80,12
80,5
80,45
27,42
90,26
55,86
55,67
55,47
91,12
91,47
49,46
25,68
67,43
67,53
67,76
2,7
33,13
33,12
98,9
86,7
72,84
32,64
46,50
86,51
90,50
27,92
81,13
87,66
92,14
69,80
90,84
69,82
69,31
69,52
69,78
69,61
69,68
45,6
67,81
67,74
67,24
47,93
47,50
54,1
8,92
44,92
44,64
96,6
73,9
73,36
73,79
68,45
20,13
20,73
20,2
44,47
3,15
3,14
6,49
81,64
57,12
19,91
8,46
26,57
26,87
73,78
73,48
11,54
36,46
24,45
19,22
19,79
86,52
22,64
54,67
54,73
54,66
32,5
1,24
1,77
61,97
19,22
4,69
40,13
13,51
37,45
69,57
80,42
80,91
80,69
88,42
69,77
4,37
77,5
94,20
11,59
16,67
13,63
7,49
7,97
31,12
31,26
24,26
24,69
24,84
31,1
31,5
42,71
42,4
42,78
73,35
73,31
0,73
0,67
68,12
17,97
17,97
16,26
16,94
74,26
74,69
74,42
92,65
77,86
77,2
19,50
73,99
73,81
36,45
36,46
92,30
22,73
22,86
22,66
76,64
98,16
98,63
91,86
35,12
90,69
90,73
42,10
71,86
61,97
54,45
46,35
98,32
98,77
98,20
78,49
78,45
84,72
84,20
84,79
44,98
44,13
44,86
80,26
96,10
84,77
88,84
88,97
17,1
33,98
67,30
67,48
67,37
67,70
94,81
57,1
10,92
45,27
45,24
44,92
40,46
40,12
78,46
78,86
78,69
64,38
64,32
20,98
20,97
52,45
4,45
30,64
83,47
27,42
27,67
27,73
7,49
7,47
23,64
53,1
64,76
64,89
64,22
64,80
33,42
20,5
46,78
24,1
76,97
25,81
36,97
36,45
29,92
29,98
12,9
12,78
12,51
12,37
12,91
12,29
12,27
20,69
93,66
73,91
73,20
20,42
32,45
32,5
32,92
32,13
73,29
83,1
83,45
61,64
61,94
67,58
31,43
61,3
61,67
61,5
88,49
29,11
29,73
29,97
8,25
38,73
6,1
6,84
67,24
67,6
66,4
66,76
66,44
50,92
50,47
65,64
65,5
45,71
45,48
45,95
33,92
19,43
19,70
47,52
55,12
26,36
44,9
44,37
44,7
44,83
44,37
44,7
44,93
98,17
98,65
45,71
45,15
64,63
52,11
28,73
91,86
0,11
0,25
68,98
68,97
68,67
68,86
15,2
2,85
2,99
2,95
80,1
23,26
23,98
23,73
64,50
64,90
35,86
35,67
20,1
28,64
28,26
51,3
26,61
19,4
72,94
83,64
76,42
76,73
8,5
8,67
86,53
93,42
65,92
65,11
65,11
97,0
46,80
46,38
84,8
84,79
84,57
36,64
47,70
47,99
47,4
47,14
47,54
47,70
47,71
97,24
23,2
94,63
40,46
2,68
80,49
80,2
97,48
55,64
55,98
55,92
43,56
43,60
7,69
7,5
7,12
45,20
73,38
73,6
73,83
78,47
78,46
26,40
26,59
5,76
61,49
61,5
28,45
28,66
28,86
37,66
37,13
94,48
19,91
67,17
67,24
95,5
95,66
95,45
4,97
79,46
79,11
49,32
49,15
49,0
49,93
49,99
49,68
18,62
69,40
69,90
36,12
91,89
73,78
73,17
73,24
73,40
99,12
33,64
33,2
10,84
72,49
7,19
7,73
7,97
7,12
13,15
80,96
2,29
2,58
2,35
2,53
82,19
48,45
55,73
61,92
82,45
82,42
66,99
91,11
26,31
37,98
37,66
37,64
7,42
39,41
58,96
58,97
42,81
92,20
92,91
84,44
38,13
44,84
22,26
22,11
22,1
92,87
92,44
80,64
91,45
91,25
22,46
22,92
92,74
92,28
57,42
7,47
43,2
43,3
26,32
26,52
26,95
54,86
37,98
53,1
53,45
45,43
25,28
77,47
14,45
14,84
96,8
22,45
13,35
13,35
13,63
13,30
51,25
26,82
72,12
51,11
25,77
25,43
25,65
25,17
69,51
6,66
9,73
9,46
72,3
72,25
70,69
70,45
70,1
36,49
49,93
49,78
49,91
32,69
32,13
99,1
99,64
99,97
71,86
3,80
22,26
68,64
55,66
55,1
73,51
44,42
44,26
44,34
55,26
37,86
37,98
67,77
96,28
42,52
42,61
42,57
90,49
90,98
3,74
3,37
53,96
98,23
8,84
29,5
5,76
5,82
26,63
32,42
51,97
76,19
76,73
72,73
73,70
28,2
33,92
33,11
33,97
98,0
98,24
98,81
98,50
66,59
46,24
16,98
64,72
64,59
17,13
44,69
86,14
24,84
74,3
27,3
27,92
27,69
27,67
96,14
73,7
80,73
-99,-99
45,38
45,98
9,23
87,74
87,38
87,69
2,92
2,44
72,75
72,22
72,10
10,82
29,86
29,7
86,21
86,16
21,86
45,43
98,62
33,35
47,68
47,61
7,81
7,63
7,34
81,38
81,52
48,20
86,36
36,44
36,95
36,18
36,23
76,68
76,61
44,65
43,80
43,75
6,95
29,43
97,98
10,7
73,83
73,56
73,79
73,10
82,33
80,35
6,52
19,17
19,43
19,23
19,31
0,44
37,58
37,32
12,82
57,34
22,74
35,76
4,48
31,42
68,55
68,79
36,50
12,57
12,31
12,69
41,50
11,79
11,90
11,73
65,93
36,35
18,21
12,48
47,24
41,11
42,18
42,82
54,68
8,17
79,72
2,57
63,23
63,72
33,48
50,81
85,95
0,71
0,77
0,76
0,41
0,76
0,75
23,6
65,43
98,81
98,54
45,61
45,48
29,11
24,98
21,86
48,2
48,21
48,14
20,86
23,13
76,69
62,98
79,67
79,7
15,57
31,33
85,3
85,23
24,52
35,36
35,19
35,89
62,69
31,4
83,93
42,52
29,38
29,3
69,81
88,52
75,72
38,2
24,38
24,98
24,69
65,86
8,43
77,35
77,61
77,61
50,2
50,41
50,20
68,62
68,99
38,4
3,26
79,50
9,57
9,17
76,69
76,52
18,88
18,5
41,74
80,31
80,67
76,38
61,32
61,45
17,65
30,24
30,4
85,72
85,38
7,75
65,50
23,80
23,13
68,29
35,76
48,19
48,12
30,68
30,37
74,16
74,20
19,67
14,50
54,41
54,83
24,11
14,95
45,74
71,7
71,37
27,85
27,30
27,12
97,17
97,27
40,72
86,21
72,85
11,99
11,0
20,27
24,52
52,54
67,8
61,85
38,32
38,25
63,50
63,3
63,52
29,38
18,45
42,74
42,43
42,23
42,61
42,98
42,86
58,27
38,76
2,44
82,89
24,11
24,86
75,67
75,68
74,47
74,47
74,99
50,10
50,58
50,29
50,83
52,87
15,82
15,82
98,89
77,27
77,95
77,14
77,86
31,21
48,36
48,22
48,58
48,10
44,36
76,67
83,48
83,68
99,3
99,95
31,2
67,21
67,16
67,79
63,11
63,17
63,27
37,40
47,92
47,14
68,65
83,11
83,31
33,44
45,48
45,44
15,93
38,21
8,68
4,35
44,12
44,75
24,86
24,17
79,74
79,35
79,68
79,50
79,67
79,38
68,22
68,14
68,97
43,33
2,18
2,57
2,35
82,80
82,6
38,75
33,70
72,77
32,38
29,52
29,48
57,2
80,38
80,92
8,98
6,98
98,5
98,9
98,76
98,9
92,20
92,83
47,7
15,82
15,50
15,27
72,77
72,63
72,85
24,52
24,95
24,61
21,23
34,38
0,17
40,17
40,92
40,7
98,77
24,52
24,72
42,44
72,77
56,69
4,3
4,44
33,50
48,9
48,4
21,50
21,61
74,32
77,86
59,67
59,7
35,85
71,43
98,40
41,98
41,67
41,98
75,61
34,52
9,52
73,93
43,83
43,19
43,15
43,56
48,40
31,47
43,75
15,69
20,59
24,69
24,35
23,14
72,89
72,4
72,10
71,92
73,17
33,38
33,67
79,68
24,68
76,18
29,52
37,25
37,87
9,12
9,52
69,14
69,97
24,68
34,68
56,67
19,68
4,48
3,75
3,59
3,40
54,92
48,56
13,10
72,85
72,20
72,20
72,75
86,77
3,34
3,21
3,81
3,88
3,9
83,49
62,69
62,98
41,95
24,27
15,18
37,32
37,40
37,20
48,16
15,68
80,43
80,61
69,59
69,0
22,31
9,18
15,68
31,41
31,76
43,19
43,54
43,13
20,18
20,23
20,52
20,43
43,20
67,76
67,47
67,83
63,3
63,98
99,31
99,92
10,96
42,18
42,44
42,43
7,63
7,24
7,29
33,50
33,31
65,7
65,57
7,85
75,38
75,68
11,0
11,65
11,81
17,56
17,76
67,13
67,80
2,23
88,48
88,68
88,11
4,98
4,35
4,48
79,37
21,38
21,69
21,93
54,35
99,3
57,81
57,54
57,97
57,33
62,82
12,93
12,95
7,29
41,18
41,38
17,89
30,61
22,74
22,38
30,52
72,10
72,2
13,48
13,44
54,95
17,14
17,88
89,17
63,67
82,55
15,67
29,67
24,72
58,86
58,43
85,74
41,61
99,95
99,68
33,17
33,93
54,50
54,27
54,27
40,57
22,37
14,35
12,67
42,69
37,24
37,56
37,8
37,63
69,22
29,83
9,92
9,75
33,72
38,25
38,12
38,58
31,9
31,76
99,61
99,3
99,38
29,68
69,16
9,18
9,86
9,44
81,86
92,79
92,42
82,73
82,65
14,72
14,98
44,87
44,14
44,19
44,12
44,2
44,87
85,98
2,67
2,57
68,71
68,87
68,75
62,11
63,48
23,45
23,16
98,20
54,98
67,33
67,42
17,24
79,7
79,48
79,68
44,14
19,46
19,17
19,3
52,85
81,43
81,18
81,35
47,7
3,16
3,75
23,87
23,89
23,63
38,54
8,31
8,52
34,23
54,74
54,3
54,37
23,99
23,81
58,23
58,67
68,90
45,92
23,6
23,15
23,59
23,87
65,57
65,50
52,77
59,18
59,7
59,38
37,54
38,41
38,65
22,93
86,24
86,21
79,64
42,17
3,20
3,33
3,71
92,10
76,93
68,16
68,89
68,65
68,56
68,83
83,67
14,82
38,34
3,76
38,88
38,13
38,20
38,76
67,76
83,68
20,74
73,3
88,18
86,1
41,72
80,86
80,38
80,44
65,50
98,66
85,99
16,52
19,61
23,65
17,1
6,69
6,68
6,67
0,51
2,92
2,69
71,48
69,10
45,11
45,57
68,29
54,95
92,77
92,20
56,17
67,13
67,73
95,89
95,41
35,24
20,86
20,95
0,11
92,32
92,25
59,98
59,82
88,48
88,17
79,23
1,78
56,97
56,60
1,98
79,98
27,26
37,34
31,42
68,9
56,93
21,31
16,74
58,68
7,41
8,3
8,68
48,16
48,81
48,97
48,63
75,52
75,92
29,44
29,35
29,92
29,37
29,44
97,38
88,67
88,18
88,11
12,95
12,27
63,43
63,86
88,28
88,18
7,1
7,6
7,65
19,38
69,21
52,1
52,71
95,47
52,34
52,20
33,57
97,48
58,27
34,7
77,92
77,92
40,86
40,23
40,93
85,23
12,38
67,40
67,20
67,42
13,95
89,44
89,11
89,35
97,48
97,43
97,7
97,27
50,45
50,97
20,23
20,98
33,74
68,59
68,56
68,15
68,24
68,79
21,23
99,61
85,18
43,47
45,18
61,29
0,93
0,27
0,3
63,34
63,37
63,18
97,93
4,37
4,27
68,40
67,65
67,99
1,72
1,43
22,48
87,57
14,18
14,35
14,43
12,38
12,43
12,69
1,38
11,15
17,59
38,63
38,47
38,71
29,61
29,74
29,44
1,67
71,92
71,50
30,17
30,72
30,68
30,92
30,82
32,50
32,43
32,57
35,8
43,71
43,33
22,43
22,11
82,34
36,44
36,18
99,38
82,76
58,35
68,30
73,57
17,55
7,22
44,40
44,16
93,0
36,38
1,43
11,79
75,31
75,7
75,74
37,96
27,56
27,81
14,57
14,44
9,18
9,11
9,95
9,43
76,3
37,14
10,31
75,43
75,52
77,69
62,7
58,61
58,82
42,23
42,7
75,37
34,38
1,23
1,74
13,86
13,92
34,3
34,11
54,99
11,54
73,86
40,72
40,82
43,76
43,89
43,36
43,4
3,71
40,43
22,44
22,43
22,44
69,40
69,88
99,7
34,82
11,41
19,17
19,43
19,93
38,65
43,29
69,15
29,69
29,94
86,77
8,23
61,4
61,6
61,34
87,23
87,31
85,27
33,52
33,98
33,50
10,86
10,69
10,72
56,37
56,48
61,32
95,89
62,7
62,18
62,93
82,97
82,89
29,17
18,63
18,16
99,31
99,50
3,22
37,45
93,97
59,95
72,24
72,32
27,16
27,8
6,52
6,38
6,74
6,93
13,27
13,69
8,35
8,27
8,82
19,13
41,44
41,38
35,62
35,36
0,38
95,62
79,69
89,61
88,3
0,57
9,84
65,37
38,63
40,18
40,17
87,31
44,33
44,40
62,48
47,10
38,20
38,40
63,69
37,12
57,80
57,59
57,58
72,14
72,0
72,45
50,1
50,2
77,57
77,67
77,92
31,14
31,41
31,71
36,95
71,44
92,44
32,74
23,85
23,6
65,31
2,3
2,69
2,37
41,3
48,59
81,86
58,95
24,17
47,95
23,83
50,21
3,40
85,94
85,69
74,34
74,97
48,62
48,99
83,38
69,0
93,73
93,34
86,59
86,9
86,21
86,89
86,1
86,56
42,7
42,74
42,92
23,71
81,3
81,52
80,82
80,92
18,14
57,85
68,15
68,19
68,83
73,98
22,95
33,43
13,67
1,50
1,48
93,45
93,8
93,13
93,65
27,54
79,31
79,3
79,72
74,12
81,49
38,30
38,1
38,22
74,12
23,40
23,75
23,45
3,2
54,67
54,35
54,38
24,92
24,48
27,89
27,56
77,52
77,48
34,57
34,27
34,48
11,6
11,45
11,6
11,83
45,52
45,57
45,82
71,98
71,35
37,0
37,58
37,21
37,16
59,3
54,35
19,7
19,43
19,95
72,14
72,88
88,38
56,61
56,86
21,74
9,69
47,11
41,93
65,43
63,18
52,41
36,48
36,68
7,1
7,53
7,15
7,65
9,27
9,67
79,98
45,95
74,20
71,50
71,18
71,23
0,54
0,47
0,10
0,99
0,14
2,82
2,68
0,44
0,18
79,72
17,99
2,43
32,98
61,32
61,33
61,19
83,68
33,72
34,23
34,43
34,67
48,80
95,99
45,18
11,45
92,97
10,92
10,92
61,41
99,74
99,27
57,75
91,39
23,43
11,90
48,63
12,69
12,27
12,38
6,69
93,0
6,67
43,65
71,7
30,67
43,14
43,12
24,44
4,38
30,27
30,69
42,67
42,27
42,95
89,95
92,65
92,85
92,99
92,85
92,42
1,27
1,7
1,98
85,3
8,68
8,7
2,52
34,69
34,27
38,41
47,37
45,23
6,44
92,65
34,38
34,37
27,14
52,5
2,23
2,27
2,98
73,44
73,67
73,61
73,82
67,26
67,45
75,50
75,74
75,52
40,38
48,12
61,80
43,85
58,50
98,13
98,34
61,15
10,50
41,67
43,16
15,35
15,18
2,38
41,52
18,15
18,14
30,92
17,56
19,3
63,11
63,68
63,14
67,99
7,12
7,71
89,61
89,52
16,74
76,23
76,27
76,69
76,38
76,48
61,42
52,45
14,50
14,92
8,69
17,59
17,85
45,86
36,92
24,50
24,67
24,7
88,98
11,71
11,41
9,44
88,95
86,79
86,29
86,81
30,7
72,59
67,30
67,42
67,73
4,61
86,20
86,0
86,32
79,68
11,73
88,17
65,74
86,56
86,63
77,43
43,65
95,81
95,99
95,77
86,26
0,72
0,95
0,23
83,37
83,68
30,95
30,31
14,48
14,17
14,11
92,75
27,65
30,86
37,13
93,80
76,35
15,59
22,61
63,95
50,14
-99,-99
42,88
42,21
30,11
2,35
69,88
53,83
48,22
48,58
50,66
4,21
24,74
24,11
51,18
51,44
65,30
18,51
4,32
4,92
4,71
15,43
46,98
46,51
46,67
6,69
6,63
55,71
12,67
95,11
34,84
34,3
97,98
68,60
68,62
96,80
19,48
5,1
92,42
35,65
62,29
97,83
2,34
2,34
2,39
53,77
53,1
67,46
72,6
72,50
89,15
55,86
55,71
55,52
79,86
79,68
72,77
65,29
44,86
44,29
44,98
60,1
60,48
60,21
82,86
99,67
24,74
24,69
99,96
99,32
50,62
50,3
66,86
35,58
32,13
16,59
16,13
20,88
31,1
71,85
93,51
74,88
74,51
74,70
48,37
48,47
62,51
59,39
59,32
51,18
51,57
84,34
77,5
77,17
77,20
77,37
30,40
30,74
30,5
7,98
7,88
47,1
4,71
1,18
1,89
1,65
89,34
89,6
57,85
70,4
70,53
7,29
18,35
18,35
18,50
18,98
64,50
64,52
64,32
97,77
59,82
98,82
98,47
68,64
82,78
82,1
32,44
32,53
32,37
22,86
31,86
96,43
96,38
89,29
5,6
14,6
3,32
3,15
67,36
77,8
77,82
77,55
63,95
36,98
36,35
39,3
39,17
17,53
17,3
17,5
17,46
21,18
21,65
1,4
1,60
88,89
26,67
29,8
16,5
30,42
30,43
98,17
64,77
70,72
70,4
34,76
72,68
72,70
72,92
74,29
63,30
58,16
58,32
14,68
4,77
70,38
70,17
83,53
83,82
96,64
96,1
96,4
96,47
64,88
13,24
13,24
21,2
80,30
80,15
15,89
77,18
77,43
51,7
51,60
51,19
51,27
51,55
51,46
84,75
67,89
67,93
68,37
92,13
0,88
0,83
82,50
48,93
3,68
12,95
17,43
89,96
1,14
34,99
34,65
29,53
29,97
29,89
29,85
29,5
97,21
97,96
97,92
18,95
20,67
20,96
20,48
29,36
19,83
19,96
77,37
77,33
60,67
72,83
43,34
43,6
43,98
34,85
34,40
60,24
37,6
37,32
37,15
37,51
30,87
29,14
51,62
64,83
52,65
88,0
88,62
6,55
99,92
85,71
85,92
55,35
55,24
83,55
70,13
13,94
13,68
13,48
13,88
66,86
96,89
29,38
29,36
29,46
83,0
83,20
33,71
64,30
50,11
28,98
28,96
28,24
28,35
34,80
86,64
86,0
79,92
3,1
3,39
74,1
74,88
74,86
82,68
82,35
31,96
59,51
33,92
20,29
20,70
6,31
15,64
15,76
83,27
83,64
27,34
27,39
27,39
98,73
28,48
86,27
59,48
59,83
59,92
40,6
35,79
37,67
37,75
17,56
95,65
95,42
95,87
42,50
65,32
58,71
38,83
38,51
38,6
63,50
82,68
82,34
30,22
96,17
96,27
96,53
96,65
7,86
92,31
92,53
83,60
93,83
93,13
73,30
60,86
60,32
46,39
13,83
2,50
29,59
29,37
29,17
96,43
76,32
0,86
93,95
17,56
83,42
83,42
74,92
74,24
74,70
52,64
52,63
79,83
52,27
76,29
76,35
64,68
64,21
64,94
96,33
96,46
97,15
32,66
88,18
46,71
46,86
46,29
33,16
33,1
19,32
19,51
79,51
79,35
79,24
15,73
44,32
44,94
31,16
31,51
62,68
62,35
17,48
37,92
37,15
37,88
32,3
32,22
61,83
4,29
51,74
51,60
51,82
96,26
15,84
93,71
88,69
4,71
4,52
4,29
95,14
21,2
21,64
21,61
59,86
66,35
66,78
46,92
46,50
68,76
28,86
28,86
28,24
48,64
21,28
21,22
21,27
14,70
28,1
42,51
42,88
62,92
27,34
80,50
92,8
31,86
58,21
63,15
70,57
70,3
36,15
84,98
94,63
94,43
32,47
32,2
76,98
76,39
76,86
88,97
88,31
88,44
88,20
36,16
98,33
98,19
20,88
20,16
20,94
96,37
96,69
69,66
98,65
98,55
38,34
52,12
52,93
74,1
7,98
7,39
7,71
53,68
37,34
37,71
70,20
2,94
2,98
88,19
88,93
13,71
71,58
71,4
3,1
70,18
99,77
99,51
28,68
33,88
33,21
72,6
79,15
97,68
97,52
97,29
83,47
83,84
5,15
5,29
5,35
0,39
73,70
93,70
93,83
43,71
72,81
88,55
35,57
33,96
33,52
27,48
38,6
38,48
16,85
79,92
53,34
53,16
73,48
83,4
4,83
97,86
32,73
83,72
65,32
72,15
72,96
72,35
5,16
5,68
67,64
88,28
35,5
35,53
50,61
50,85
24,18
24,60
24,43
53,24
2,21
86,7
76,86
6,65
50,57
64,68
62,6
50,63
88,3
58,51
24,0
0,94
0,39
0,96
71,36
32,5
32,22
32,7
32,72
99,30
99,21
99,96
52,79
19,91
99,1
99,67
77,89
77,22
95,87
95,2
61,51
61,68
29,12
4,21
4,30
76,98
76,48
32,37
32,87
65,94
36,48
36,70
7,51
66,86
42,56
42,51
42,68
80,48
80,98
31,50
1,87
97,35
35,46
35,8
1,31
18,98
20,48
20,35
20,51
37,88
37,81
37,34
88,60
15,38
58,29
58,15
61,94
86,80
51,43
92,84
96,4
96,20
22,51
22,52
66,21
59,88
43,50
55,30
55,21
52,73
52,84
73,39
30,43
86,85
44,35
20,6
20,98
20,35
16,61
16,18
16,31
92,13
92,73
15,99
13,98
13,68
48,62
32,27
13,70
13,32
93,16
38,30
38,6
94,19
85,88
17,98
17,39
65,48
37,1
37,24
67,84
1,97
1,80
17,35
17,88
19,50
71,80
51,8
74,30
80,52
80,21
63,28
8,16
34,43
34,74
52,97
2,52
18,86
18,94
18,51
18,21
18,35
43,30
43,29
33,16
33,96
15,36
15,37
15,4
15,40
15,8
29,2
61,1
0,68
92,18
92,58
62,98
62,25
62,21
80,30
94,19
94,59
72,68
2,32
2,35
2,67
2,92
2,91
96,93
48,79
53,6
53,48
79,98
57,96
50,27
42,70
98,61
94,60
94,20
32,18
72,86
8,92
94,42
43,77
47,96
47,96
47,15
47,83
21,38
21,73
92,85
60,25
68,82
67,89
21,60
21,31
21,26
22,92
22,24
10,49
7,39
7,68
7,78
28,51
98,12
76,6
77,31
34,93
34,53
8,98
51,37
37,1
99,68
99,96
99,1
20,88
20,34
20,98
1,44
50,59
48,72
50,64
8,88
8,68
68,53
68,11
15,36
32,97
32,76
89,32
89,15
89,67
89,35
3,15
33,6
33,51
33,24
33,96
64,96
64,68
64,83
64,29
18,88
86,60
43,68
69,48
8,15
65,70
55,34
55,77
44,98
44,6
44,70
84,88
84,51
16,95
51,28
51,74
85,24
66,24
66,77
64,29
64,6
64,88
97,21
97,71
97,39
3,15
27,21
60,21
92,63
67,22
67,42
26,83
61,70
61,32
84,96
84,68
30,63
24,58
96,62
88,97
46,21
98,8
37,70
37,52
30,44
68,17
68,69
88,3
88,12
52,2
11,34
11,35
74,30
84,95
84,39
40,31
96,42
96,2
96,89
70,47
70,14
48,60
95,14
95,33
51,93
63,6
8,15
8,88
8,96
66,32
66,48
98,46
98,80
98,76
98,85
98,19
5,34
5,39
95,37
46,51
32,99
28,67
35,46
53,32
53,16
6,7
6,73
6,55
67,33
14,6
65,94
66,21
3,15
18,42
62,67
62,68
62,1
33,95
33,35
22,86
76,35
76,6
76,32
61,77
33,52
33,86
50,19
53,1
53,51
19,67
44,9
44,88
27,77
27,94
88,42
46,50
70,47
63,24
63,94
63,41
63,24
66,98
66,51
66,86
66,67
57,70
57,98
57,68
36,67
36,39
19,51
19,68
95,43
95,4
80,83
80,48
3,50
51,84
95,22
95,38
95,80
95,85
35,65
16,38
53,1
53,48
95,60
95,42
52,26
67,57
67,13
67,31
67,57
67,66
34,23
84,96
35,89
3,67
3,67
3,16
98,84
66,34
6,64
6,18
6,17
5,94
76,88
58,77
58,6
58,96
89,71
36,88
33,24
33,53
55,67
59,71
59,68
26,75
26,68
86,97
32,84
31,94
31,77
14,15
14,50
22,45
6,36
6,22
55,32
55,52
55,32
22,32
68,4
48,27
0,48
0,34
0,52
79,6
3,95
3,71
3,1
3,83
74,29
99,6
99,78
93,67
93,77
5,16
46,48
68,84
68,65
57,16
66,16
66,24
69,1
93,51
93,35
93,24
59,94
28,67
28,88
28,67
28,94
35,38
40,86
82,51
39,25
5,4
33,16
21,18
21,47
21,63
67,99
67,59
12,92
63,39
18,32
3,81
55,70
55,30
4,70
28,52
16,33
86,63
97,96
97,21
97,1
85,6
85,51
96,28
96,91
86,64
86,12
70,59
70,76
70,42
6,59
37,35
86,11
21,60
15,13
15,82
15,60
61,98
50,42
50,80
29,69
77,31
77,57
52,42
19,35
30,4
30,13
83,62
85,88
12,96
42,30
40,1
24,73
37,21
37,70
11,16
14,96
77,57
77,72
73,16
73,24
32,53
64,96
16,37
16,84
68,40
68,90
15,3
21,74
21,2
57,68
57,15
98,17
43,54
52,36
21,59
67,20
67,85
67,3
67,18
67,33
67,13
55,15
55,34
59,30
59,52
59,56
99,67
92,80
86,47
72,61
72,83
52,65
7,68
37,78
32,44
32,58
64,15
93,21
55,77
55,70
55,39
3,30
33,35
82,77
74,78
74,83
33,24
67,73
3,48
95,5
50,69
71,12
71,85
79,16
79,96
13,86
15,3
48,46
48,82
69,71
69,67
69,67
28,51
3,16
3,1
64,29
64,15
98,97
39,47
99,94
74,92
74,67
15,67
88,8
88,43
88,51
88,62
88,31
24,97
26,95
26,15
60,1
83,60
83,63
97,15
21,66
21,99
66,35
55,52
55,34
55,70
29,33
40,39
40,88
34,4
37,70
15,11
79,29
79,71
42,39
42,77
77,58
77,47
27,70
84,68
46,88
65,30
1,73
88,93
96,18
96,8
96,93
77,79
3,98
47,48
47,41
47,91
47,83
47,98
74,24
58,32
94,60
61,30
61,68
61,39
55,50
55,71
55,30
55,52
19,83
60,16
60,21
60,70
60,6
57,83
3,94
3,96
80,70
30,27
30,23
30,89
38,96
46,30
30,85
55,41
55,15
46,34
46,21
27,16
86,19
65,77
88,76
86,87
67,11
12,35
12,51
59,98
27,98
46,95
46,83
30,12
1,64
33,30
33,83
32,63
26,51
93,70
35,18
39,40
5,39
5,86
3,26
21,23
21,69
21,42
70,55
70,36
13,98
28,35
28,86
8,71
17,92
17,16
51,8
52,74
37,70
50,63
73,21
83,5
83,42
83,64
67,20
31,35
31,41
31,70
4,50
4,52
34,93
85,88
85,50
6,7
6,13
19,48
19,71
21,53
21,33
21,27
39,60
39,28
39,74
42,48
40,16
28,39
28,51
40,32
40,95
40,96
40,70
39,61
39,82
39,55
39,69
12,96
94,13
94,22
94,20
85,35
46,16
46,88
44,70
21,89
21,38
21,82
21,53
38,35
76,6
94,55
94,46
6,36
6,2
6,63
0,16
11,51
11,88
11,95
11,30
2,68
2,15
2,29
57,24
93,30
77,55
95,74
95,87
11,51
11,95
11,51
64,18
64,29
68,33
7,21
98,33
17,98
17,88
2,88
2,56
2,70
30,62
12,94
1,72
99,70
99,68
19,35
19,68
47,83
28,15
28,92
17,15
17,35
17,98
89,30
7,88
15,97
15,43
12,15
16,0
43,96
4,16
6,63
6,18
74,51
5,91
30,69
30,76
30,69
36,67
22,34
43,21
99,98
99,86
97,51
77,2
6,30
5,48
35,55
-99,-99
